subject,topic,subtopic,skill_tags,difficulty,cognitive_level,answer_type,question_text,option_a,option_b,option_c,option_d,correct_answer,numerical_tolerance,solution,explanation,reference
Digital Electronics,Number Systems and Codes,"Positional Number Systems (Binary, Octal, Decimal, Hexadecimal)",number-systems;radix,2,recall,multiple_choice_single,How many distinct digit symbols are used in the hexadecimal number system?,8,10,15,16,D,,,,
Digital Electronics,Number Systems and Codes,"Positional Number Systems (Binary, Octal, Decimal, Hexadecimal)",number-systems;positional-weight,4,comprehension,multiple_choice_single,"In the octal number $(247.5)_8$, what is the positional weight of the digit 2?",$64$,$100$,$1/8$,$8$,A,,,,
Digital Electronics,Number Systems and Codes,"Positional Number Systems (Binary, Octal, Decimal, Hexadecimal)",number-systems;range;hexadecimal,6,application,numerical_tolerance,What is the largest unsigned integer that can be written with six hexadecimal digits?,,,,,16777215,0.001,,,
Digital Electronics,Number Systems and Codes,"Positional Number Systems (Binary, Octal, Decimal, Hexadecimal)",number-systems;radix-identification;fractions,8,application,numerical_tolerance,The fraction $(0.1)_r$ has the decimal value $0.25$. Determine the radix $r$.,,,,,4,0.001,,,
Digital Electronics,Number Systems and Codes,"Positional Number Systems (Binary, Octal, Decimal, Hexadecimal)",number-systems;positional-weight;radix-properties,10,analysis,multiple_choice_single,Which statement about a positional number system of radix $r$ is correct?,The digit count needed for a given value is independent of $r$,Appending one zero to the right of an integer multiplies its value by $r$,Appending one zero to the right of an integer increases its value by $r$,The leftmost digit of an integer always carries a weight of $1$,B,,,,
Digital Electronics,Number Systems and Codes,Base Conversion,base-conversion;binary-to-decimal,2,recall,multiple_choice_single,What is the decimal equivalent of $(1011)_2$?,$9$,$11$,$13$,$22$,B,,,,
Digital Electronics,Number Systems and Codes,Base Conversion,base-conversion;hex-to-octal,4,comprehension,multiple_choice_single,The hexadecimal number $(2F)_{16}$ expressed in octal is,$(76)_8$,$(117)_8$,$(57)_8$,$(47)_8$,C,,,,
Digital Electronics,Number Systems and Codes,Base Conversion,base-conversion;octal-to-decimal,6,application,numerical_tolerance,Convert $(725)_8$ to its decimal equivalent.,,,,,469,0.001,,,
Digital Electronics,Number Systems and Codes,Base Conversion,base-conversion;binary-to-hex;fractional-part,8,application,multiple_choice_single,The hexadecimal equivalent of $(10110111.011)_2$ is,$(B7.6)_{16}$,$(B7.C)_{16}$,$(A7.6)_{16}$,$(B7.3)_{16}$,A,,,,
Digital Electronics,Number Systems and Codes,Base Conversion,base-conversion;unknown-radix,10,analysis,numerical_tolerance,"In an unknown radix $r$, the number $(234)_r$ has the decimal value $123$. Determine $r$.",,,,,7,0.001,,,
Digital Electronics,Number Systems and Codes,"Binary Arithmetic (Addition, Subtraction, Multiplication, Division)",binary-arithmetic;addition;carry,2,recall,multiple_choice_single,"When two 1 bits are added in binary, what are the resulting sum and carry bits?","Sum 0, carry 0","Sum 1, carry 0","Sum 0, carry 1","Sum 1, carry 1",C,,,,
Digital Electronics,Number Systems and Codes,"Binary Arithmetic (Addition, Subtraction, Multiplication, Division)",binary-arithmetic;addition,4,comprehension,numerical_tolerance,Find the decimal value of the binary sum $(1101)_2+(1011)_2$.,,,,,24,0.001,,,
Digital Electronics,Number Systems and Codes,"Binary Arithmetic (Addition, Subtraction, Multiplication, Division)",binary-arithmetic;multiplication,6,application,numerical_tolerance,Find the decimal value of the binary product $(1011)_2\times(101)_2$.,,,,,55,0.001,,,
Digital Electronics,Number Systems and Codes,"Binary Arithmetic (Addition, Subtraction, Multiplication, Division)",binary-arithmetic;subtraction;borrow,8,application,multiple_choice_single,Evaluate the binary subtraction $(10010)_2-(1011)_2$.,$(01001)_2$,$(01011)_2$,$(00101)_2$,$(00111)_2$,D,,,,
Digital Electronics,Number Systems and Codes,"Binary Arithmetic (Addition, Subtraction, Multiplication, Division)",binary-arithmetic;division,10,analysis,numerical_tolerance,Divide $(100110)_2$ by $(110)_2$ using binary long division. Give the integer quotient in decimal.,,,,,6,0.001,,,
Digital Electronics,Number Systems and Codes,"Signed Number Representation (Sign-Magnitude, 1's Complement, 2's Complement)",signed-numbers;twos-complement;range,2,recall,multiple_choice_single,What is the range of integers representable in 8-bit two's complement form?,$-128$ to $+127$,$0$ to $255$,$-127$ to $+127$,$-128$ to $+128$,A,,,,
Digital Electronics,Number Systems and Codes,"Signed Number Representation (Sign-Magnitude, 1's Complement, 2's Complement)",signed-numbers;twos-complement;encoding,4,comprehension,multiple_choice_single,Which 8-bit pattern is the two's complement representation of $-25$?,10011001,11100110,11101001,11100111,D,,,,
Digital Electronics,Number Systems and Codes,"Signed Number Representation (Sign-Magnitude, 1's Complement, 2's Complement)",signed-numbers;twos-complement;decoding,6,application,numerical_tolerance,The 8-bit pattern 11010110 is interpreted as a two's complement number. Give its decimal value.,,,,,-42,0.001,,,
Digital Electronics,Number Systems and Codes,"Signed Number Representation (Sign-Magnitude, 1's Complement, 2's Complement)",signed-numbers;zero-representation,8,analysis,multiple_choice_single,In which representation is the code for zero not unique?,Excess-128 code,One's complement,Unsigned binary,Two's complement,B,,,,
Digital Electronics,Number Systems and Codes,"Signed Number Representation (Sign-Magnitude, 1's Complement, 2's Complement)",signed-numbers;ones-complement;code-count,10,analysis,numerical_tolerance,How many distinct integer values can a 6-bit one's complement code represent?,,,,,63,0.001,,,
Digital Electronics,Number Systems and Codes,Complement Arithmetic and Overflow Detection,complement-arithmetic;twos-complement-formation,2,recall,multiple_choice_single,The two's complement of a binary number is obtained by,inverting only the sign bit,inverting all bits,inverting all bits and adding 1,adding 1 to the least significant bit,C,,,,
Digital Electronics,Number Systems and Codes,Complement Arithmetic and Overflow Detection,complement-arithmetic;ones-complement;end-around-carry,4,comprehension,multiple_choice_single,"In one's complement addition, the carry generated out of the most significant bit is",added to the least significant bit,discarded without further action,retained as the sign bit,inverted and stored as the sign bit,A,,,,
Digital Electronics,Number Systems and Codes,Complement Arithmetic and Overflow Detection,complement-arithmetic;overflow;interpretation,6,application,numerical_tolerance,"The 8-bit patterns 01010101 and 00111011 are added. Interpreting the 8-bit result as a two's complement number, give its decimal value.",,,,,-112,0.001,,,
Digital Electronics,Number Systems and Codes,Complement Arithmetic and Overflow Detection,overflow-detection;carry-into-sign-bit,8,analysis,multiple_choice_single,Which condition indicates arithmetic overflow in two's complement addition?,The result of the addition is zero,The carry into the sign bit differs from the carry out of the sign bit,The two operands have opposite signs,The carry out of the most significant bit is 1,B,,,,
Digital Electronics,Number Systems and Codes,Complement Arithmetic and Overflow Detection,overflow-detection;operand-signs,10,evaluation,multiple_choice_single,Which of the following 8-bit two's complement additions can produce overflow?,$(-100)+(+50)$,$(-50)+(+50)$,$(+100)+(+50)$,$(+100)+(-50)$,C,,,,
Digital Electronics,Number Systems and Codes,"Binary Codes (BCD, Excess-3, Gray, ASCII)",binary-codes;bcd,2,recall,multiple_choice_single,Which 4-bit group is the 8421 BCD code for decimal 9?,1001,1100,0110,1011,A,,,,
Digital Electronics,Number Systems and Codes,"Binary Codes (BCD, Excess-3, Gray, ASCII)",binary-codes;excess-3,4,comprehension,multiple_choice_single,Which 4-bit group is the Excess-3 code for decimal 5?,0101,1000,1011,0010,B,,,,
Digital Electronics,Number Systems and Codes,"Binary Codes (BCD, Excess-3, Gray, ASCII)",binary-codes;gray-code;conversion,6,application,multiple_choice_single,What is the Gray code equivalent of the binary number 1011?,1010,1101,1110,0111,C,,,,
Digital Electronics,Number Systems and Codes,"Binary Codes (BCD, Excess-3, Gray, ASCII)",binary-codes;bcd;invalid-codes,8,application,numerical_tolerance,"Of the sixteen possible 4-bit patterns, how many are invalid in 8421 BCD?",,,,,6,0.001,,,
Digital Electronics,Number Systems and Codes,"Binary Codes (BCD, Excess-3, Gray, ASCII)",binary-codes;weighted-codes,10,analysis,multiple_choice_single,Which of the following is a weighted code?,ASCII,Gray code,Excess-3 code,2421 code,D,,,,
Digital Electronics,Number Systems and Codes,"Error Detection and Correction (Parity, Hamming Code)",parity;error-detection,2,recall,multiple_choice_single,A single appended parity bit allows a receiver to,correct any double-bit error,detect any even number of bit errors,detect and correct any single-bit error,detect any single-bit error but not correct it,D,,,,
Digital Electronics,Number Systems and Codes,"Error Detection and Correction (Parity, Hamming Code)",parity;even-parity,4,comprehension,numerical_tolerance,Determine the even-parity bit that must be appended to the data word 1011001.,,,,,0,0.001,,,
Digital Electronics,Number Systems and Codes,"Error Detection and Correction (Parity, Hamming Code)",hamming-code;parity-bit-count,6,application,numerical_tolerance,What is the minimum number of parity bits required for a single-error-correcting Hamming code carrying 8 data bits?,,,,,4,0.001,,,
Digital Electronics,Number Systems and Codes,"Error Detection and Correction (Parity, Hamming Code)",hamming-distance;error-correction,8,application,multiple_choice_single,What minimum Hamming distance must a code have to correct any single-bit error?,1,2,3,4,C,,,,
Digital Electronics,Number Systems and Codes,"Error Detection and Correction (Parity, Hamming Code)",hamming-code;syndrome,10,analysis,numerical_tolerance,"A 7-bit even-parity Hamming code word with parity bits in positions 1, 2 and 4 is received as 1101101, where the leftmost bit is position 1. Determine the bit position in error.",,,,,5,0.001,,,
Digital Electronics,Boolean Algebra and Logic Gates,"Logic Levels, Positive and Negative Logic",logic-levels;positive-logic,2,recall,multiple_choice_single,"In a positive-logic system, the more positive voltage level represents which logic value?",Logic 1,A don't-care condition,A high-impedance state,Logic 0,A,,,,
Digital Electronics,Boolean Algebra and Logic Gates,"Logic Levels, Positive and Negative Logic",logic-levels;negative-logic;duality,4,comprehension,multiple_choice_single,A gate performs the AND function under positive logic. Under negative logic the same gate performs which function?,NOR,OR,AND,NAND,B,,,,
Digital Electronics,Boolean Algebra and Logic Gates,"Logic Levels, Positive and Negative Logic",logic-levels;input-thresholds,6,application,multiple_choice_single,A logic family specifies $V_{IL(max)}=0.8$ V and $V_{IH(min)}=2.0$ V. An input held at 1.5 V lies in,the high-impedance band,the valid logic 0 band,the valid logic 1 band,the indeterminate band,D,,,,
Digital Electronics,Boolean Algebra and Logic Gates,"Logic Levels, Positive and Negative Logic",noise-margin;high-level,8,application,numerical_tolerance,"For a logic family with $V_{OH(min)}=2.7$ V and $V_{IH(min)}=2.0$ V, find the high-level noise margin in volts.",,,,,0.7,0.01,,,
Digital Electronics,Boolean Algebra and Logic Gates,"Logic Levels, Positive and Negative Logic",noise-margin;both-levels;interpretation,10,analysis,multiple_choice_single,"A family specifies $V_{OL(max)}=0.4$ V, $V_{IL(max)}=0.8$ V, $V_{OH(min)}=2.7$ V and $V_{IH(min)}=2.0$ V. Which conclusion is correct?",The low-level margin is 0.4 V and the high-level margin is 0.7 V,The low-level margin is 0.8 V and the high-level margin is 2.0 V,The low-level margin is 0.4 V and the high-level margin is 2.7 V,The low-level margin is 1.2 V and the high-level margin is 4.7 V,A,,,,
Digital Electronics,Boolean Algebra and Logic Gates,"Basic and Derived Logic Gates (AND, OR, NOT, NAND, NOR, XOR, XNOR)",logic-gates;xor;truth-table,2,recall,multiple_choice_single,A two-input XOR gate produces a HIGH output when,both inputs are LOW,the inputs are unequal,the inputs are equal,both inputs are HIGH,B,,,,
Digital Electronics,Boolean Algebra and Logic Gates,"Basic and Derived Logic Gates (AND, OR, NOT, NAND, NOR, XOR, XNOR)",logic-gates;nor;multi-input,4,comprehension,multiple_choice_single,The output of a three-input NOR gate is HIGH only when,all inputs are HIGH,exactly one input is HIGH,all inputs are LOW,any one input is HIGH,C,,,,
Digital Electronics,Boolean Algebra and Logic Gates,"Basic and Derived Logic Gates (AND, OR, NOT, NAND, NOR, XOR, XNOR)",logic-gates;xor;odd-function,6,application,numerical_tolerance,"For a four-input XOR gate, how many of the 16 input combinations produce a HIGH output?",,,,,8,0.001,,,
Digital Electronics,Boolean Algebra and Logic Gates,"Basic and Derived Logic Gates (AND, OR, NOT, NAND, NOR, XOR, XNOR)",logic-gates;xor;controlled-inverter,8,application,multiple_choice_single,A two-input XOR gate with one input tied permanently to logic 1 behaves as,an AND gate,an OR gate,a buffer,an inverter,D,,,,
Digital Electronics,Boolean Algebra and Logic Gates,"Basic and Derived Logic Gates (AND, OR, NOT, NAND, NOR, XOR, XNOR)",logic-functions;function-count,10,analysis,numerical_tolerance,How many distinct Boolean functions of three variables exist?,,,,,256,0.001,,,
Digital Electronics,Boolean Algebra and Logic Gates,Boolean Postulates and Theorems,boolean-postulates;complement,2,recall,multiple_choice_single,According to the complement postulate of Boolean algebra $A+\bar A$ equals,$1$,$A$,$\bar A$,$0$,A,,,,
Digital Electronics,Boolean Algebra and Logic Gates,Boolean Postulates and Theorems,boolean-theorems;absorption,4,comprehension,multiple_choice_single,The absorption theorem states that $A+AB$ equals,$A+B$,$A$,$B$,$AB$,B,,,,
Digital Electronics,Boolean Algebra and Logic Gates,Boolean Postulates and Theorems,boolean-theorems;consensus,6,application,multiple_choice_single,Using the consensus theorem $AB+\bar AC+BC$ simplifies to,$AB+BC$,$\bar AC+BC$,$AB+\bar AC$,$A+B+C$,C,,,,
Digital Electronics,Boolean Algebra and Logic Gates,Boolean Postulates and Theorems,boolean-theorems;distributive;simplification,8,application,multiple_choice_single,The expression $(A+B)(A+\bar B)$ simplifies to,$AB$,$A+B$,$B$,$A$,D,,,,
Digital Electronics,Boolean Algebra and Logic Gates,Boolean Postulates and Theorems,boolean-algebra;duality,10,analysis,multiple_choice_single,What is the dual of the expression $A+BC$?,$A(B+C)$,$AB+AC$,$A+B+C$,$\bar A+\bar B\bar C$,A,,,,
Digital Electronics,Boolean Algebra and Logic Gates,De Morgan's Theorems,demorgan;sum-complement,2,recall,multiple_choice_single,The expression $\overline{A+B}$ is equivalent to,$\bar A+\bar B$,$\bar A\bar B$,$A\bar B$,$\overline{AB}$,B,,,,
Digital Electronics,Boolean Algebra and Logic Gates,De Morgan's Theorems,demorgan;product-complement,4,comprehension,multiple_choice_single,The expression $\overline{AB}$ is equivalent to,$\bar A\bar B$,$\overline{A+B}$,$\bar A+\bar B$,$A+B$,C,,,,
Digital Electronics,Boolean Algebra and Logic Gates,De Morgan's Theorems,demorgan;complement-of-function,6,application,multiple_choice_single,What is the complement of $f=A\bar B+\bar AC$?,$\bar AB+A\bar C$,$\bar A\bar B+AC$,$(A+\bar B)(\bar A+C)$,$(\bar A+B)(A+\bar C)$,D,,,,
Digital Electronics,Boolean Algebra and Logic Gates,De Morgan's Theorems,demorgan;multi-variable,8,application,multiple_choice_single,The expression $\overline{\bar A+\bar B+\bar C}$ equals,$ABC$,$\bar A\bar B\bar C$,$\overline{ABC}$,$A+B+C$,A,,,,
Digital Electronics,Boolean Algebra and Logic Gates,De Morgan's Theorems,demorgan;gate-network-conversion,10,analysis,multiple_choice_single,Applying De Morgan's theorem to a two-level AND-OR network converts it into which equivalent form?,OR-AND,NAND-NAND,XOR-XNOR,NOR-NOR,B,,,,
Digital Electronics,Boolean Algebra and Logic Gates,Universal Gates and Gate Conversions,universal-gates;definition,2,recall,multiple_choice_single,Which pair of gates is described as universal?,NOT and AND,AND and OR,NAND and NOR,XOR and XNOR,C,,,,
Digital Electronics,Boolean Algebra and Logic Gates,Universal Gates and Gate Conversions,universal-gates;nand;inverter,4,comprehension,numerical_tolerance,What is the minimum number of two-input NAND gates required to realize an inverter?,,,,,1,0.001,,,
Digital Electronics,Boolean Algebra and Logic Gates,Universal Gates and Gate Conversions,universal-gates;nand;or-function,6,application,numerical_tolerance,What is the minimum number of two-input NAND gates required to realize the OR function?,,,,,3,0.001,,,
Digital Electronics,Boolean Algebra and Logic Gates,Universal Gates and Gate Conversions,universal-gates;nand;xor-function,8,application,numerical_tolerance,What is the minimum number of two-input NAND gates required to realize the XOR function?,,,,,4,0.001,,,
Digital Electronics,Boolean Algebra and Logic Gates,Universal Gates and Gate Conversions,universal-gates;functional-completeness;xor,10,analysis,multiple_choice_single,Why is the XOR gate alone not functionally complete?,It requires at least three inputs to operate,Its output is undefined when the inputs are equal,It cannot produce an inversion,It is a linear function and cannot generate the AND operation,D,,,,
Digital Electronics,Boolean Algebra and Logic Gates,Logic Expressions from Circuits and Circuits from Expressions,gate-networks;equivalent-gate,2,recall,multiple_choice_single,An AND gate whose output drives an inverter is equivalent to which single gate?,NAND,XOR,OR,NOR,A,,,,
Digital Electronics,Boolean Algebra and Logic Gates,Logic Expressions from Circuits and Circuits from Expressions,gate-networks;expression-extraction,4,comprehension,multiple_choice_single,Inputs $A$ and $B$ drive an OR gate whose output and the input $C$ drive an AND gate. What is the output expression?,$A+B+C$,$(A+B)C$,$A+BC$,$AB+C$,B,,,,
Digital Electronics,Boolean Algebra and Logic Gates,Logic Expressions from Circuits and Circuits from Expressions,gate-networks;gate-count,6,application,numerical_tolerance,What is the minimum number of two-input gates needed to implement $f=AB+CD$?,,,,,3,0.001,,,
Digital Electronics,Boolean Algebra and Logic Gates,Logic Expressions from Circuits and Circuits from Expressions,gate-networks;bubble-pushing,8,application,multiple_choice_single,Both inputs of a NAND gate are driven through inverters by $A$ and $B$. The overall function realized is,XNOR,AND,OR,NOR,C,,,,
Digital Electronics,Boolean Algebra and Logic Gates,Logic Expressions from Circuits and Circuits from Expressions,gate-networks;two-level-realization;delay,10,analysis,multiple_choice_single,A three-level gate network is redesigned as an equivalent two-level SOP network. Which quantity is primarily reduced?,Number of literals in the expression,Required fan-out of each input,Supply voltage of the circuit,Worst-case propagation delay,D,,,,
Digital Electronics,Simplification of Boolean Functions,"Canonical and Standard Forms (Minterms, Maxterms, SOP, POS)",canonical-forms;minterm-definition,2,recall,multiple_choice_single,Which description defines a minterm of $n$ variables?,A product term containing all $n$ variables exactly once,A product term containing at most two variables,A sum of all $n$ variables without complements,A sum term containing all $n$ variables,A,,,,
Digital Electronics,Simplification of Boolean Functions,"Canonical and Standard Forms (Minterms, Maxterms, SOP, POS)",canonical-forms;minterm-numbering,4,comprehension,multiple_choice_single,"For the variable order $A,B,C$, which product term is the minterm $m_5$?",$AB\bar C$,$A\bar BC$,$\bar A\bar BC$,$\bar AB\bar C$,B,,,,
Digital Electronics,Simplification of Boolean Functions,"Canonical and Standard Forms (Minterms, Maxterms, SOP, POS)",canonical-forms;sop-pos-duality,6,application,numerical_tolerance,A four-variable function has five minterms in its canonical SOP form. How many maxterms appear in its canonical POS form?,,,,,11,0.001,,,
Digital Electronics,Simplification of Boolean Functions,"Canonical and Standard Forms (Minterms, Maxterms, SOP, POS)",canonical-forms;minterm-list;simplification,8,application,multiple_choice_single,"The function $f(A,B,C)=\sum m(1,3,5,7)$ reduces to",$B+C$,$\bar C$,$C$,$A$,C,,,,
Digital Electronics,Simplification of Boolean Functions,"Canonical and Standard Forms (Minterms, Maxterms, SOP, POS)",canonical-forms;minterm-maxterm-relation,10,analysis,multiple_choice_single,Which relation between the $i$th minterm $m_i$ and the $i$th maxterm $M_i$ of the same $n$ variables is correct?,$M_i=m_i$,$M_i=m_{n-i}$,$M_i=\overline{m_{n-i}}$,$M_i=\overline{m_i}$,D,,,,
Digital Electronics,Simplification of Boolean Functions,Algebraic Simplification,algebraic-simplification;complement-postulate,2,recall,multiple_choice_single,The product $A\bar A$ equals,$0$,$\bar A$,$1$,$A$,A,,,,
Digital Electronics,Simplification of Boolean Functions,Algebraic Simplification,algebraic-simplification;combining,4,comprehension,multiple_choice_single,The expression $AB+A\bar B$ simplifies to,$A+B$,$A$,$B$,$AB$,B,,,,
Digital Electronics,Simplification of Boolean Functions,Algebraic Simplification,algebraic-simplification;multi-term,6,application,multiple_choice_single,Simplify $\bar A\bar B+\bar AB+AB$.,$A+\bar B$,$\bar AB$,$\bar A+B$,$A+B$,C,,,,
Digital Electronics,Simplification of Boolean Functions,Algebraic Simplification,algebraic-simplification;literal-count,8,application,numerical_tolerance,The function $f=\bar A\bar B\bar C+\bar A\bar BC+\bar ABC$ is reduced to its minimal SOP form. How many literals does the minimal form contain?,,,,,4,0.001,,,
Digital Electronics,Simplification of Boolean Functions,Algebraic Simplification,algebraic-simplification;limitations,10,analysis,multiple_choice_single,Why can purely algebraic manipulation fail to produce the minimal expression?,It cannot be applied to complemented literals,It is valid only for POS expressions,It requires the function to have fewer than four variables,There is no fixed order of applying theorems that guarantees minimality,D,,,,
Digital Electronics,Simplification of Boolean Functions,"Karnaugh Maps (Two, Three, and Four Variables)",karnaugh-map;adjacency,2,recall,multiple_choice_single,Two physically adjacent cells of a Karnaugh map differ in,exactly one variable,exactly two variables,all variables,no variables,A,,,,
Digital Electronics,Simplification of Boolean Functions,"Karnaugh Maps (Two, Three, and Four Variables)",karnaugh-map;cell-count,4,comprehension,numerical_tolerance,How many cells does the Karnaugh map of a five-variable function contain?,,,,,32,0.001,,,
Digital Electronics,Simplification of Boolean Functions,"Karnaugh Maps (Two, Three, and Four Variables)",karnaugh-map;four-variable;grouping,6,application,multiple_choice_single,"Minimize $f(A,B,C,D)=\sum m(0,2,8,10)$ using a Karnaugh map.",$\bar B\bar C$,$\bar B\bar D$,$\bar A\bar D$,$\bar A\bar C$,B,,,,
Digital Electronics,Simplification of Boolean Functions,"Karnaugh Maps (Two, Three, and Four Variables)",karnaugh-map;literal-count,8,application,numerical_tolerance,"For $f(A,B,C,D)=\sum m(0,1,4,5,10,11,14,15)$, how many literals appear in the minimal SOP expression?",,,,,4,0.001,,,
Digital Electronics,Simplification of Boolean Functions,"Karnaugh Maps (Two, Three, and Four Variables)",karnaugh-map;essential-prime-implicant,10,analysis,multiple_choice_single,Which statement defines an essential prime implicant?,A prime implicant that appears in every form of the complement,Any implicant containing the largest number of literals,A prime implicant covering a minterm that no other prime implicant covers,An implicant fully covered by other prime implicants,C,,,,
Digital Electronics,Simplification of Boolean Functions,Don't-Care Conditions,dont-care;definition,2,recall,multiple_choice_single,A don't-care condition is assigned to an input combination when,the circuit becomes unstable for that combination,two outputs conflict for that combination,the output must be forced to logic 1,the combination never occurs or its output value is irrelevant,D,,,,
Digital Electronics,Simplification of Boolean Functions,Don't-Care Conditions,dont-care;kmap-treatment,4,comprehension,multiple_choice_single,"During Karnaugh map minimization, don't-care cells are",assigned whichever value yields a simpler expression,removed from the map entirely,always treated as logic 1,always treated as logic 0,A,,,,
Digital Electronics,Simplification of Boolean Functions,Don't-Care Conditions,dont-care;three-variable;minimization,6,application,multiple_choice_single,"Minimize $f(A,B,C)=\sum m(0,1)+d(2,3)$.",$\bar A\bar C$,$\bar A$,$\bar A\bar B$,$\bar B$,B,,,,
Digital Electronics,Simplification of Boolean Functions,Don't-Care Conditions,dont-care;bcd-inputs,8,application,numerical_tolerance,A four-variable function is driven only by valid 8421 BCD codes. How many don't-care combinations are available for minimization?,,,,,6,0.001,,,
Digital Electronics,Simplification of Boolean Functions,Don't-Care Conditions,dont-care;design-consequence,10,evaluation,multiple_choice_single,What is the practical consequence of exploiting don't-care conditions?,The minimized circuit always uses fewer gates than any alternative,The number of input variables is reduced by one,The output for a don't-care input is fixed by the chosen realization,The resulting circuit becomes asynchronous,C,,,,
Digital Electronics,Simplification of Boolean Functions,Five-Variable Karnaugh Maps,five-variable-kmap;structure,2,recall,multiple_choice_single,A five-variable Karnaugh map is conventionally drawn as,four 8-cell maps,one 16-cell map,two 8-cell maps,two 16-cell maps,D,,,,
Digital Electronics,Simplification of Boolean Functions,Five-Variable Karnaugh Maps,five-variable-kmap;inter-map-adjacency,4,comprehension,multiple_choice_single,"In a five-variable map drawn as two 16-cell maps, cells occupying the same position on the two maps are",adjacent,never adjacent,always identical in value,treated as don't cares,A,,,,
Digital Electronics,Simplification of Boolean Functions,Five-Variable Karnaugh Maps,five-variable-kmap;grouping,6,application,multiple_choice_single,"With the variable order $A,B,C,D,E$, minimize $f=\sum m(0,1,2,3,16,17,18,19)$.",$\bar A\bar B$,$\bar B\bar C$,$\bar C\bar D$,$\bar A\bar C$,B,,,,
Digital Electronics,Simplification of Boolean Functions,Five-Variable Karnaugh Maps,five-variable-kmap;group-size,8,application,numerical_tolerance,How many cells must be grouped together to eliminate three variables in a five-variable Karnaugh map?,,,,,8,0.001,,,
Digital Electronics,Simplification of Boolean Functions,Five-Variable Karnaugh Maps,five-variable-kmap;literal-count,10,analysis,numerical_tolerance,"With the variable order $A,B,C,D,E$, how many literals appear in the minimal SOP form of $f=\sum m(0,1,4,5,16,17,20,21)$?",,,,,2,0.001,,,
Digital Electronics,Simplification of Boolean Functions,Quine-McCluskey (Tabulation) Method,quine-mccluskey;purpose,2,recall,multiple_choice_single,Why is the Quine-McCluskey method preferred over Karnaugh maps for many variables?,It applies only to functions of four variables,It does not require a truth table,It is systematic and can be programmed for any number of variables,It always yields fewer literals than any other method,C,,,,
Digital Electronics,Simplification of Boolean Functions,Quine-McCluskey (Tabulation) Method,quine-mccluskey;grouping-step,4,comprehension,multiple_choice_single,"In the first tabulation step, minterms are grouped according to",their decimal magnitude,the number of literals they contain,their position in the Karnaugh map,the number of 1s in their binary representation,D,,,,
Digital Electronics,Simplification of Boolean Functions,Quine-McCluskey (Tabulation) Method,quine-mccluskey;combining-terms,6,application,multiple_choice_single,Combining the four-variable minterms 4 and 6 produces which term?,$01{-}0$,${-}100$,$011{-}$,$0{-}10$,A,,,,
Digital Electronics,Simplification of Boolean Functions,Quine-McCluskey (Tabulation) Method,quine-mccluskey;prime-implicant-count,8,application,numerical_tolerance,"How many prime implicants does $f(A,B,C,D)=\sum m(0,1,2,5,6,7)$ have?",,,,,6,0.001,,,
Digital Electronics,Simplification of Boolean Functions,Quine-McCluskey (Tabulation) Method,quine-mccluskey;prime-implicant-chart,10,analysis,multiple_choice_single,What is the purpose of the prime implicant chart?,To count the number of input variables,To select a minimum set of prime implicants covering all minterms,To list every minterm in binary form,To convert an SOP form into a POS form,B,,,,
Digital Electronics,Simplification of Boolean Functions,NAND-Only and NOR-Only Implementation,nand-implementation;sop-mapping,2,recall,multiple_choice_single,A two-level SOP expression maps directly onto which gate structure?,OR-OR,NOR-NOR,NAND-NAND,AND-AND,C,,,,
Digital Electronics,Simplification of Boolean Functions,NAND-Only and NOR-Only Implementation,nor-implementation;pos-mapping,4,comprehension,multiple_choice_single,A two-level POS expression maps directly onto which gate structure?,NAND-NAND,AND-OR,OR-OR,NOR-NOR,D,,,,
Digital Electronics,Simplification of Boolean Functions,NAND-Only and NOR-Only Implementation,nand-implementation;gate-count,6,application,numerical_tolerance,How many NAND gates of unrestricted fan-in are required to implement $f=AB+CD+EF$ in NAND-NAND form?,,,,,4,0.001,,,
Digital Electronics,Simplification of Boolean Functions,NAND-Only and NOR-Only Implementation,nand-implementation;single-literal-terms,8,application,multiple_choice_single,"When converting an SOP form to NAND-NAND logic, a term consisting of a single literal must be",complemented before reaching the output NAND gate,connected to logic 0,duplicated at both levels,connected directly to the output NAND gate,A,,,,
Digital Electronics,Simplification of Boolean Functions,NAND-Only and NOR-Only Implementation,nand-vs-nor;cmos-implementation,10,evaluation,multiple_choice_single,Why is NAND logic generally preferred to NOR logic in CMOS realizations?,A NAND gate dissipates no static power while a NOR gate does,The series NMOS stack of a NAND is faster than the series PMOS stack of a NOR,A NOR gate cannot be cascaded with other gates,A NOR gate needs fewer transistors than a NAND gate,B,,,,
Digital Electronics,Logic Families,"Characteristics of Digital ICs (Fan-In, Fan-Out, Propagation Delay, Power Dissipation, Noise Margin)",ic-characteristics;fan-out,2,recall,multiple_choice_single,Fan-out of a logic gate is defined as,the ratio of power dissipation to delay,the number of inputs the gate itself provides,the maximum number of similar gate inputs its output can drive reliably,the voltage gain of the gate,C,,,,
Digital Electronics,Logic Families,"Characteristics of Digital ICs (Fan-In, Fan-Out, Propagation Delay, Power Dissipation, Noise Margin)",ic-characteristics;speed-power-product,4,comprehension,multiple_choice_single,The speed-power product of a logic family is expressed in which unit?,Volts,Watts,Seconds,Joules,D,,,,
Digital Electronics,Logic Families,"Characteristics of Digital ICs (Fan-In, Fan-Out, Propagation Delay, Power Dissipation, Noise Margin)",ic-characteristics;fan-out-calculation,6,application,numerical_tolerance,A gate output can sink 400 $\mu$A while each driven input requires 20 $\mu$A. Determine the maximum fan-out.,,,,,20,0.001,,,
Digital Electronics,Logic Families,"Characteristics of Digital ICs (Fan-In, Fan-Out, Propagation Delay, Power Dissipation, Noise Margin)",ic-characteristics;propagation-delay,8,application,numerical_tolerance,A gate has $t_{PLH}=12$ ns and $t_{PHL}=8$ ns. Find its average propagation delay in nanoseconds.,,,,,10,0.01,,,
Digital Electronics,Logic Families,"Characteristics of Digital ICs (Fan-In, Fan-Out, Propagation Delay, Power Dissipation, Noise Margin)",ic-characteristics;family-selection,10,evaluation,multiple_choice_single,A battery-powered design requires very low standby power with moderate switching speed. Which family is most suitable?,CMOS,Schottky TTL,Standard TTL,Emitter-coupled logic,A,,,,
Digital Electronics,Logic Families,Transistor-Transistor Logic (TTL),ttl;output-stage,2,recall,multiple_choice_single,The two-transistor output stage of standard TTL is known as the,differential stage,totem-pole stage,current-mirror stage,cascode stage,B,,,,
Digital Electronics,Logic Families,Transistor-Transistor Logic (TTL),ttl;schottky-clamp,4,comprehension,multiple_choice_single,Why is a Schottky diode placed across the base-collector junction in Schottky TTL?,To eliminate the need for a pull-up resistor,To increase the fan-in of the gate,To keep the transistor out of saturation and reduce delay,To raise the supply voltage rating,C,,,,
Digital Electronics,Logic Families,Transistor-Transistor Logic (TTL),ttl;floating-input,6,application,multiple_choice_single,An unconnected input of a standard TTL NAND gate behaves as,logic 0,a high-impedance node,a short circuit to ground,logic 1,D,,,,
Digital Electronics,Logic Families,Transistor-Transistor Logic (TTL),ttl;fan-out-calculation,8,application,numerical_tolerance,A TTL gate specifies $I_{OL(max)}=16$ mA and each input draws $I_{IL}=1.6$ mA. Determine the maximum fan-out.,,,,,10,0.001,,,
Digital Electronics,Logic Families,Transistor-Transistor Logic (TTL),ttl;totem-pole;wired-outputs,10,analysis,multiple_choice_single,Why must two totem-pole TTL outputs never be tied directly together?,A damaging current flows when the outputs are in opposite states,It increases the fan-out capability beyond the rating,It doubles the noise margin of both gates,It produces a stable wired-AND function,A,,,,
Digital Electronics,Logic Families,CMOS Logic,cmos;inverter-structure,2,recall,multiple_choice_single,A CMOS inverter is built from,two NMOS transistors,one NMOS and one PMOS transistor,two PMOS transistors,one BJT and one MOSFET,B,,,,
Digital Electronics,Logic Families,CMOS Logic,cmos;static-power,4,comprehension,multiple_choice_single,"In a steady logic state, a CMOS gate draws almost no supply current because",the gate uses a passive pull-up resistor,the supply current is limited by a series diode,one transistor of the complementary pair is always off,both transistors conduct weakly at all times,C,,,,
Digital Electronics,Logic Families,CMOS Logic,cmos;dynamic-power,6,application,numerical_tolerance,A CMOS gate drives a 20 pF load from a 5 V supply while switching at 10 MHz. Find the dynamic power dissipation in milliwatts.,,,,,5,0.01,,,
Digital Electronics,Logic Families,CMOS Logic,cmos;transistor-count,8,application,numerical_tolerance,How many MOS transistors are needed for a three-input CMOS NAND gate?,,,,,6,0.001,,,
Digital Electronics,Logic Families,CMOS Logic,cmos;unused-inputs,10,analysis,multiple_choice_single,Why must unused inputs of a CMOS gate be tied to a supply rail?,To increase the threshold voltage of the transistors,To shorten the propagation delay of the gate,To raise the fan-out of the driving gate,To prevent a floating input from causing excessive supply current and erratic output,D,,,,
Digital Electronics,Logic Families,Emitter-Coupled Logic (ECL),ecl;non-saturated-operation,2,recall,multiple_choice_single,ECL achieves very high speed because its transistors,operate in the active region and avoid saturation,are replaced by MOS devices,are driven deep into saturation,remain permanently in cutoff,A,,,,
Digital Electronics,Logic Families,Emitter-Coupled Logic (ECL),ecl;basic-building-block,4,comprehension,multiple_choice_single,Which circuit forms the basic building block of an ECL gate?,A Darlington pair,An emitter-coupled differential pair,A totem-pole output stage,A CMOS inverter pair,B,,,,
Digital Electronics,Logic Families,Emitter-Coupled Logic (ECL),ecl;complementary-outputs,6,application,multiple_choice_single,A standard ECL gate simultaneously provides which pair of outputs?,Buffer and inverter,AND and NAND,OR and NOR,XOR and XNOR,C,,,,
Digital Electronics,Logic Families,Emitter-Coupled Logic (ECL),ecl;logic-swing,8,application,numerical_tolerance,An ECL gate has $V_{OH}=-0.9$ V and $V_{OL}=-1.75$ V. Determine its logic swing in volts.,,,,,0.85,0.01,,,
Digital Electronics,Logic Families,Emitter-Coupled Logic (ECL),ecl;limitations,10,evaluation,multiple_choice_single,Which pair of drawbacks is most characteristic of ECL?,Absence of complementary outputs and high input capacitance,Very low switching speed and large propagation delay,Inability to drive transmission lines and poor fan-out,High power dissipation and relatively small noise margin,D,,,,
Digital Electronics,Logic Families,"Open-Collector, Open-Drain, and Tri-State Outputs",open-collector;pull-up-requirement,2,recall,multiple_choice_single,An open-collector output requires which external component to produce a HIGH level?,A pull-up resistor,A series inductor,An internal totem-pole stage,A negative supply rail,A,,,,
Digital Electronics,Logic Families,"Open-Collector, Open-Drain, and Tri-State Outputs",open-collector;wired-logic,4,comprehension,multiple_choice_single,Tying several open-collector outputs to one common pull-up resistor realizes,a wired-OR function,a wired-AND function,an exclusive-OR function,a transparent latch,B,,,,
Digital Electronics,Logic Families,"Open-Collector, Open-Drain, and Tri-State Outputs",tri-state;third-state,6,application,multiple_choice_single,The third state of a tri-state buffer presents which condition at its output?,Logic 0,Logic 1,A high-impedance state,An indeterminate voltage,C,,,,
Digital Electronics,Logic Families,"Open-Collector, Open-Drain, and Tri-State Outputs",open-collector;pull-up-sizing,8,application,numerical_tolerance,"An open-collector output sinks $I_{OL}=16$ mA at $V_{OL}=0.4$ V from a 5 V supply. Find the minimum pull-up resistance in ohms, neglecting input currents.",,,,,287.5,1%,,,
Digital Electronics,Logic Families,"Open-Collector, Open-Drain, and Tri-State Outputs",tri-state;bus-driving;comparison,10,evaluation,multiple_choice_single,Why are tri-state buffers preferred over open-collector drivers on a fast data bus?,They dissipate no power in either logic state,They allow every driver to be enabled at the same time,They require no enable control signal,They provide an active pull-up giving faster rise times than a resistor,D,,,,
Digital Electronics,Logic Families,Comparison and Interfacing of Logic Families,family-comparison;speed,2,recall,multiple_choice_single,Which of these logic families offers the highest switching speed?,Emitter-coupled logic,PMOS logic,CMOS,Standard TTL,A,,,,
Digital Electronics,Logic Families,Comparison and Interfacing of Logic Families,interfacing;cmos-to-ttl,4,comprehension,multiple_choice_single,"When a 5 V CMOS gate drives a standard TTL gate, what is the primary design concern?",The absence of any common supply voltage,Supplying the low-level input current demanded by the TTL input,The CMOS output voltage exceeding the TTL rating,The high input impedance of the TTL input stage,B,,,,
Digital Electronics,Logic Families,Comparison and Interfacing of Logic Families,interfacing;ttl-to-cmos,6,application,multiple_choice_single,"When a TTL gate drives a 5 V CMOS input, which measure is normally required?",Provide a negative supply rail,Insert a series coupling capacitor,Add a pull-up resistor at the TTL output,Insert an inverting buffer only,C,,,,
Digital Electronics,Logic Families,Comparison and Interfacing of Logic Families,interfacing;drive-capability,8,application,numerical_tolerance,A driving gate specifies $I_{OL(max)}=20$ mA and each driven input requires $I_{IL}=2.5$ mA. Determine the maximum number of inputs that can be driven.,,,,,8,0.001,,,
Digital Electronics,Logic Families,Comparison and Interfacing of Logic Families,interfacing;ecl-to-ttl;level-translation,10,analysis,multiple_choice_single,Why is a level translator required between an ECL output and a TTL input?,ECL outputs are high impedance and cannot drive any load,TTL inputs cannot accept any voltage below the supply rail,ECL and TTL use identical levels so only a resistor is needed,ECL operates with negative levels referenced to a different supply,D,,,,
Digital Electronics,Combinational Logic Circuits,Analysis and Design Procedure,combinational-logic;definition,2,recall,multiple_choice_single,The output of a combinational circuit at any instant depends on,the present input values only,the present and past input values,the active clock edge,the internally stored state,A,,,,
Digital Electronics,Combinational Logic Circuits,Analysis and Design Procedure,combinational-design;procedure,4,comprehension,multiple_choice_single,Which step immediately follows interpreting the word statement in a combinational design procedure?,Drawing the final logic diagram,Constructing the truth table from the specification,Selecting the logic family,Measuring the gate delays,B,,,,
Digital Electronics,Combinational Logic Circuits,Analysis and Design Procedure,combinational-design;truth-table-size,6,application,numerical_tolerance,A combinational circuit has four inputs and three outputs. How many rows does its complete truth table contain?,,,,,16,0.001,,,
Digital Electronics,Combinational Logic Circuits,Analysis and Design Procedure,combinational-analysis;function-identification,8,application,multiple_choice_single,A circuit realizes $f=\overline{\bar A+B}+\overline{A+\bar B}$. Which standard function does it perform?,AND,XNOR,XOR,NOR,C,,,,
Digital Electronics,Combinational Logic Circuits,Analysis and Design Procedure,combinational-logic;function-count,10,analysis,numerical_tolerance,How many distinct single-output combinational functions of four input variables are possible?,,,,,65536,0.001,,,
Digital Electronics,Combinational Logic Circuits,"Half Adder, Full Adder, Half Subtractor, Full Subtractor",half-adder;sum-output,2,recall,multiple_choice_single,The sum output of a half adder with inputs $A$ and $B$ is,$A+B$,$\overline{A\oplus B}$,$AB$,$A\oplus B$,D,,,,
Digital Electronics,Combinational Logic Circuits,"Half Adder, Full Adder, Half Subtractor, Full Subtractor",full-adder;carry-output,4,comprehension,multiple_choice_single,"The carry output of a full adder with inputs $A$, $B$ and $C_{in}$ is",$AB+BC_{in}+AC_{in}$,$A+B+C_{in}$,$ABC_{in}$,$A\oplus B\oplus C_{in}$,A,,,,
Digital Electronics,Combinational Logic Circuits,"Half Adder, Full Adder, Half Subtractor, Full Subtractor",full-adder;xor-gate-count,6,application,numerical_tolerance,How many two-input XOR gates are required to generate the sum output of a full adder?,,,,,2,0.001,,,
Digital Electronics,Combinational Logic Circuits,"Half Adder, Full Adder, Half Subtractor, Full Subtractor",half-subtractor;borrow-output,8,application,multiple_choice_single,"For a half subtractor computing $A-B$, the borrow output is",$A\oplus B$,$\bar AB$,$A\bar B$,$AB$,B,,,,
Digital Electronics,Combinational Logic Circuits,"Half Adder, Full Adder, Half Subtractor, Full Subtractor",full-adder;construction;half-adders,10,analysis,multiple_choice_single,Which statement about half adders and full adders is correct?,A full adder has two inputs and three outputs,A half adder requires a clock signal to operate,A full adder can be built from two half adders and one OR gate,A half adder accepts a carry input from a previous stage,C,,,,
Digital Electronics,Combinational Logic Circuits,Ripple-Carry and Carry-Look-Ahead Adders,ripple-carry;limitation,2,recall,multiple_choice_single,What is the principal limitation of a ripple-carry adder?,Its inability to handle negative operands,Its requirement for a clock signal,Its excessive gate count,The carry propagation delay through all stages,D,,,,
Digital Electronics,Combinational Logic Circuits,Ripple-Carry and Carry-Look-Ahead Adders,carry-look-ahead;generate-term,4,comprehension,multiple_choice_single,"In carry-look-ahead logic, the carry generate function of stage $i$ is",$A_iB_i$,$\overline{A_iB_i}$,$A_i\oplus B_i$,$A_i+B_i$,A,,,,
Digital Electronics,Combinational Logic Circuits,Ripple-Carry and Carry-Look-Ahead Adders,ripple-carry;worst-case-delay,6,application,numerical_tolerance,Each full adder in an 8-bit ripple-carry adder has a propagation delay of 20 ns. Find the worst-case addition time in nanoseconds.,,,,,160,0.01,,,
Digital Electronics,Combinational Logic Circuits,Ripple-Carry and Carry-Look-Ahead Adders,ripple-carry;gate-delays,8,application,numerical_tolerance,Each stage of a ripple-carry adder contributes two gate delays of carry propagation. Express the worst-case carry delay of a 16-bit adder in gate delays.,,,,,32,0.001,,,
Digital Electronics,Combinational Logic Circuits,Ripple-Carry and Carry-Look-Ahead Adders,carry-look-ahead;speed-mechanism,10,analysis,multiple_choice_single,How does a carry-look-ahead adder achieve its speed advantage?,By using fewer gates than a ripple-carry adder,By generating all stage carries in parallel from the generate and propagate terms,By clocking each adder stage independently,By performing the addition one bit at a time,B,,,,
Digital Electronics,Combinational Logic Circuits,BCD Adder and Magnitude Comparator,bcd-adder;correction-condition,2,recall,multiple_choice_single,A BCD adder applies a correction to the binary sum when,both operand digits are zero,the sum is less than 6,the sum exceeds 9 or a carry is produced,the sum is exactly equal to 9,C,,,,
Digital Electronics,Combinational Logic Circuits,BCD Adder and Magnitude Comparator,bcd-adder;correction-value,4,comprehension,numerical_tolerance,"When correcting an invalid BCD sum, what decimal value is added to the four-bit result?",,,,,6,0.001,,,
Digital Electronics,Combinational Logic Circuits,BCD Adder and Magnitude Comparator,comparator;single-bit;greater-than,6,application,multiple_choice_single,"For a one-bit magnitude comparator, the output indicating $A>B$ is",$A\oplus B$,$\overline{A\oplus B}$,$\bar AB$,$A\bar B$,D,,,,
Digital Electronics,Combinational Logic Circuits,BCD Adder and Magnitude Comparator,comparator;output-count,8,application,numerical_tolerance,How many outputs does a standard 4-bit magnitude comparator provide?,,,,,3,0.001,,,
Digital Electronics,Combinational Logic Circuits,BCD Adder and Magnitude Comparator,bcd-adder;correction-rationale,10,analysis,multiple_choice_single,Why does a BCD adder need correction logic that a plain 4-bit binary adder does not?,Because BCD digits use only ten of the sixteen available 4-bit codes,Because BCD is a weighted code while binary is not,Because BCD adders are unable to generate carry outputs,Because BCD represents negative numbers in complement form,A,,,,
Digital Electronics,Combinational Logic Circuits,Decoders and Encoders (Including Priority Encoders),decoder;output-count,2,recall,multiple_choice_single,How many output lines does a 3-to-8 line decoder have?,3,6,8,16,C,,,,
Digital Electronics,Combinational Logic Circuits,Decoders and Encoders (Including Priority Encoders),encoder;octal-to-binary,4,comprehension,multiple_choice_single,An octal-to-binary encoder has which combination of input and output lines?,3 inputs and 8 outputs,8 inputs and 3 outputs,8 inputs and 8 outputs,4 inputs and 2 outputs,B,,,,
Digital Electronics,Combinational Logic Circuits,Decoders and Encoders (Including Priority Encoders),decoder;expansion,6,application,numerical_tolerance,How many enable-controlled 3-to-8 decoders are required to build a 4-to-16 decoder?,,,,,2,0.001,,,
Digital Electronics,Combinational Logic Circuits,Decoders and Encoders (Including Priority Encoders),priority-encoder;operation,8,application,multiple_choice_single,How does a priority encoder handle several simultaneously active inputs?,It forces all output bits to the don't-care condition,It disables its outputs until only one input is active,It outputs a count of the active inputs,It outputs the code of the highest-priority active input,D,,,,
Digital Electronics,Combinational Logic Circuits,Decoders and Encoders (Including Priority Encoders),priority-encoder;output-code,10,analysis,numerical_tolerance,"An 8-to-3 priority encoder has inputs $D_7$ down to $D_0$ with $D_7$ the highest priority. If $D_5$, $D_3$ and $D_1$ are simultaneously active, give the decimal value of the output code.",,,,,5,0.001,,,
Digital Electronics,Combinational Logic Circuits,Multiplexers and Demultiplexers,multiplexer;select-lines,2,recall,multiple_choice_single,How many select lines does an 8-to-1 multiplexer require?,3,2,4,8,A,,,,
Digital Electronics,Combinational Logic Circuits,Multiplexers and Demultiplexers,demultiplexer;function,4,comprehension,multiple_choice_single,A demultiplexer performs which operation?,It selects one of several inputs and routes it to a single output,It routes a single input to one of several outputs,It adds two multi-bit operands,It stores one bit of information,B,,,,
Digital Electronics,Combinational Logic Circuits,Multiplexers and Demultiplexers,multiplexer;expansion;tree,6,application,numerical_tolerance,How many 4-to-1 multiplexers are required to build a 16-to-1 multiplexer?,,,,,5,0.001,,,
Digital Electronics,Combinational Logic Circuits,Multiplexers and Demultiplexers,decoder-as-demultiplexer;enable-input,8,application,multiple_choice_single,A decoder provided with an enable input can be used directly as,a full adder,a magnitude comparator,a demultiplexer,a multiplexer,C,,,,
Digital Electronics,Combinational Logic Circuits,Multiplexers and Demultiplexers,multiplexer;select-line-count,10,analysis,numerical_tolerance,How many select lines are needed by a multiplexer that selects one of 64 data inputs?,,,,,6,0.001,,,
Digital Electronics,Combinational Logic Circuits,Function Implementation Using Multiplexers and Decoders,mux-implementation;data-input-count,2,recall,multiple_choice_single,"To realize any $n$-variable function using only the select lines of a multiplexer, how many data inputs are needed?",$2^{n-1}$,$n$,$2n$,$2^n$,D,,,,
Digital Electronics,Combinational Logic Circuits,Function Implementation Using Multiplexers and Decoders,mux-implementation;reduced-mux-technique,4,comprehension,multiple_choice_single,An $n$-variable function can be realized with a multiplexer having $2^{n-1}$ data inputs by,applying one variable to the data inputs and the rest to the select lines,applying every variable to the data inputs,feeding the output back to a select line,applying every variable to the select lines,A,,,,
Digital Electronics,Combinational Logic Circuits,Function Implementation Using Multiplexers and Decoders,mux-implementation;sizing,6,application,numerical_tolerance,"Using the technique in which one variable is applied to the data inputs, how many data inputs must a multiplexer have to realize a five-variable function?",,,,,16,0.001,,,
Digital Electronics,Combinational Logic Circuits,Function Implementation Using Multiplexers and Decoders,mux-implementation;minterm-mapping,8,application,multiple_choice_single,"The function $f(A,B,C)=\sum m(0,2,5,7)$ is realized on an 8-to-1 multiplexer with $A$, $B$ and $C$ driving the select lines. Which data inputs must be tied to logic 1?",$I_1$ $I_3$ $I_4$ $I_6$,$I_0$ $I_2$ $I_5$ $I_7$,$I_0$ $I_1$ $I_2$ $I_3$,$I_4$ $I_5$ $I_6$ $I_7$,B,,,,
Digital Electronics,Combinational Logic Circuits,Function Implementation Using Multiplexers and Decoders,decoder-implementation;multiple-outputs,10,analysis,multiple_choice_single,What hardware is needed to realize several functions of the same variables using one decoder?,One separate decoder for each output function,One multiplexer for each output function,One decoder and one OR gate for each output function,One decoder with no additional gates,C,,,,
Digital Electronics,Combinational Logic Circuits,"Code Converters, Parity Generators and Checkers",code-converter;binary-to-gray,2,recall,multiple_choice_single,A binary-to-Gray code converter is built primarily from which gates?,NOR gates,Non-inverting buffers,AND gates,XOR gates,D,,,,
Digital Electronics,Combinational Logic Circuits,"Code Converters, Parity Generators and Checkers",parity-generator;even-parity,4,comprehension,multiple_choice_single,An even-parity generator for three data bits is realized by which operation on those bits?,Exclusive-OR of the three bits,Exclusive-NOR of the three bits,AND of the three bits,OR of the three bits,A,,,,
Digital Electronics,Combinational Logic Circuits,"Code Converters, Parity Generators and Checkers",code-converter;gate-count,6,application,numerical_tolerance,How many two-input XOR gates are required for a 4-bit binary-to-Gray code converter?,,,,,3,0.001,,,
Digital Electronics,Combinational Logic Circuits,"Code Converters, Parity Generators and Checkers",code-converter;gray-to-binary,8,application,multiple_choice_single,"In a Gray-to-binary converter, the most significant binary output bit equals",the complement of the most significant Gray bit,the most significant Gray bit itself,the XOR of all the Gray code bits,logic 0 for every input code,B,,,,
Digital Electronics,Combinational Logic Circuits,"Code Converters, Parity Generators and Checkers",parity-checker;gate-count,10,analysis,numerical_tolerance,An even-parity checker for a 9-bit word consisting of 8 data bits and 1 parity bit is built from two-input XOR gates. Find the minimum number of gates required.,,,,,8,0.001,,,
Digital Electronics,Combinational Logic Circuits,Static and Dynamic Hazards,hazards;static-1-hazard,2,recall,multiple_choice_single,A static-1 hazard produces which behaviour?,A permanent oscillation of the output,A simultaneous change of two outputs,A momentary 0 while the output should remain at 1,A momentary 1 while the output should remain at 0,C,,,,
Digital Electronics,Combinational Logic Circuits,Static and Dynamic Hazards,hazards;cause,4,comprehension,multiple_choice_single,What is the fundamental cause of hazards in combinational circuits?,An incorrectly constructed truth table,Skew between two clock signals,Excessive fan-in at the output gate,Unequal propagation delays along different signal paths,D,,,,
Digital Electronics,Combinational Logic Circuits,Static and Dynamic Hazards,hazards;identification,6,application,multiple_choice_single,The two-level circuit for $f=AB+\bar BC$ can exhibit a static-1 hazard under which condition?,$A=C=1$ while $B$ changes,$A=1$ and $C=0$ while $B$ changes,$B=1$ while $A$ changes,$A=C=0$ while $B$ changes,A,,,,
Digital Electronics,Combinational Logic Circuits,Static and Dynamic Hazards,hazards;removal;redundant-term,8,application,multiple_choice_single,Which redundant term must be added to $f=AB+\bar BC$ to remove its static hazard?,$A\bar C$,$AC$,$\bar A\bar C$,$BC$,B,,,,
Digital Electronics,Combinational Logic Circuits,Static and Dynamic Hazards,hazards;dynamic-hazard,10,analysis,multiple_choice_single,Which statement correctly describes a dynamic hazard?,It appears only when two inputs change at exactly the same instant,It can occur only in two-level gate networks,The output changes more than once during a single required transition,It is removed by adding a clock to the combinational circuit,C,,,,
Digital Electronics,Latches and Flip-Flops,SR and Gated Latches,sr-latch;forbidden-state,2,recall,multiple_choice_single,Which input combination is forbidden for a NOR-based SR latch?,"$S=0$, $R=0$","$S=0$, $R=1$","$S=1$, $R=0$","$S=1$, $R=1$",D,,,,
Digital Electronics,Latches and Flip-Flops,SR and Gated Latches,sr-latch;nand-implementation,4,comprehension,multiple_choice_single,Which input combination is invalid for a NAND-based SR latch with active-LOW inputs?,"$S=0$, $R=0$","$S=1$, $R=1$","$S=1$, $R=0$","$S=0$, $R=1$",A,,,,
Digital Electronics,Latches and Flip-Flops,SR and Gated Latches,d-latch;transparency,6,application,multiple_choice_single,How does a gated D latch behave while its enable input is asserted?,The output holds its previous value,The output follows the D input,The output changes only at the enable edge,The output toggles once per enable pulse,B,,,,
Digital Electronics,Latches and Flip-Flops,SR and Gated Latches,sr-latch;hold-condition,8,application,multiple_choice_single,A NOR-based SR latch has $S=0$ and $R=0$ applied. What is the resulting output condition?,The latch is set,The latch is reset,The latch retains its previous state,The outputs are complementary but undefined,C,,,,
Digital Electronics,Latches and Flip-Flops,SR and Gated Latches,sr-latch;forbidden-state;rationale,10,analysis,multiple_choice_single,Why is the $S=R=1$ condition prohibited in a NOR-based SR latch?,The latch draws destructive supply current in that condition,The outputs oscillate continuously at the clock frequency,The latch permanently loses its ability to be set,Both outputs go LOW and the next state is unpredictable when the inputs are removed,D,,,,
Digital Electronics,Latches and Flip-Flops,"SR, JK, D, and T Flip-Flops",jk-flip-flop;toggle-mode,2,recall,multiple_choice_single,A JK flip-flop with $J=K=1$ performs which action at each active clock edge?,It toggles the output,It holds its state,It sets the output,It resets the output,A,,,,
Digital Electronics,Latches and Flip-Flops,"SR, JK, D, and T Flip-Flops",d-flip-flop;toggle-connection,4,comprehension,multiple_choice_single,A D flip-flop with its $D$ input connected to $\bar Q$ behaves as,an SR latch,a T flip-flop,a transparent latch,a non-inverting buffer,B,,,,
Digital Electronics,Latches and Flip-Flops,"SR, JK, D, and T Flip-Flops",t-flip-flop;hold-condition,6,application,multiple_choice_single,A T flip-flop with $T=0$ responds to an active clock edge by,setting the output,resetting the output,holding its present state,toggling the output,C,,,,
Digital Electronics,Latches and Flip-Flops,"SR, JK, D, and T Flip-Flops",jk-flip-flop;next-state,8,application,numerical_tolerance,"A JK flip-flop currently stores $Q=1$. With $J=0$ and $K=1$ applied, what is $Q$ after the next active clock edge?",,,,,0,0.001,,,
Digital Electronics,Latches and Flip-Flops,"SR, JK, D, and T Flip-Flops",jk-flip-flop;sr-improvement,10,analysis,multiple_choice_single,How does the JK flip-flop remove the invalid input combination of the SR flip-flop?,By adding a separate enable input,By inverting the clock signal internally,By connecting two D latches in series,By gating the S and R inputs with the flip-flop outputs,D,,,,
Digital Electronics,Latches and Flip-Flops,"Characteristic Tables, Characteristic Equations, and Excitation Tables",characteristic-equation;d-flip-flop,2,recall,multiple_choice_single,What is the characteristic equation of a D flip-flop?,$Q_{n+1}=D$,$Q_{n+1}=\bar D$,$Q_{n+1}=DQ_n$,$Q_{n+1}=D+Q_n$,A,,,,
Digital Electronics,Latches and Flip-Flops,"Characteristic Tables, Characteristic Equations, and Excitation Tables",characteristic-equation;jk-flip-flop,4,comprehension,multiple_choice_single,What is the characteristic equation of a JK flip-flop?,$Q_{n+1}=JQ_n+K\bar Q_n$,$Q_{n+1}=J\bar Q_n+\bar KQ_n$,$Q_{n+1}=J+KQ_n$,$Q_{n+1}=JK\bar Q_n$,B,,,,
Digital Electronics,Latches and Flip-Flops,"Characteristic Tables, Characteristic Equations, and Excitation Tables",characteristic-equation;t-flip-flop,6,application,multiple_choice_single,What is the characteristic equation of a T flip-flop?,$Q_{n+1}=TQ_n$,$Q_{n+1}=T+Q_n$,$Q_{n+1}=T\oplus Q_n$,$Q_{n+1}=\overline{T\oplus Q_n}$,C,,,,
Digital Electronics,Latches and Flip-Flops,"Characteristic Tables, Characteristic Equations, and Excitation Tables",excitation-table;jk-flip-flop,8,application,multiple_choice_single,"In the excitation table of a JK flip-flop, which inputs produce the transition $Q_n=1$ to $Q_{n+1}=0$?","$J=1$, $K=X$","$J=0$, $K=0$","$J=1$, $K=1$","$J=X$, $K=1$",D,,,,
Digital Electronics,Latches and Flip-Flops,"Characteristic Tables, Characteristic Equations, and Excitation Tables",excitation-table;sr-flip-flop;dont-cares,10,analysis,numerical_tolerance,"In the excitation table of an SR flip-flop, how many of the four state transitions contain a don't-care input entry?",,,,,2,0.001,,,
Digital Electronics,Latches and Flip-Flops,Level Triggering vs Edge Triggering,level-triggering;behaviour,2,recall,multiple_choice_single,A level-triggered latch responds to its data input,throughout the active level of the enable,only while the enable is inactive,only at the rising clock edge,only at the falling clock edge,A,,,,
Digital Electronics,Latches and Flip-Flops,Level Triggering vs Edge Triggering,edge-triggering;advantage,4,comprehension,multiple_choice_single,What is the principal advantage of edge triggering over level triggering?,The propagation delay is completely eliminated,The output can change only at the clock transition,The device operates without any clock signal,The setup time requirement becomes zero,B,,,,
Digital Electronics,Latches and Flip-Flops,Level Triggering vs Edge Triggering,negative-edge-triggering;sampling-instant,6,application,multiple_choice_single,A negative-edge-triggered D flip-flop samples its data input at,any instant while the clock is HIGH,the LOW-to-HIGH clock transition,the HIGH-to-LOW clock transition,any instant while the clock is LOW,C,,,,
Digital Electronics,Latches and Flip-Flops,Level Triggering vs Edge Triggering,master-slave;latch-count,8,application,numerical_tolerance,How many D latches are required to build one edge-triggered D flip-flop in master-slave form?,,,,,2,0.001,,,
Digital Electronics,Latches and Flip-Flops,Level Triggering vs Edge Triggering,latches;synchronous-design-issues,10,analysis,multiple_choice_single,Why are transparent latches troublesome in synchronous sequential designs?,They always require a two-phase clock generator,They exhibit no propagation delay so timing cannot be analysed,They are unable to store information,Their transparency lets the output change while the enable is active causing races,D,,,,
Digital Electronics,Latches and Flip-Flops,Master-Slave Configuration and the Race-Around Condition,master-slave;clocking,2,recall,multiple_choice_single,"In a master-slave flip-flop, the two latches are enabled by",complementary clock levels,the same clock level,two unrelated clock sources,no clock at all,A,,,,
Digital Electronics,Latches and Flip-Flops,Master-Slave Configuration and the Race-Around Condition,race-around;condition,4,comprehension,multiple_choice_single,The race-around condition of a level-triggered JK flip-flop occurs when,$J=K=0$ and the clock pulse is narrow,$J=K=1$ and the clock pulse is wider than the propagation delay,$J=1$ and $K=0$ with a narrow clock pulse,the clock signal is removed entirely,B,,,,
Digital Electronics,Latches and Flip-Flops,Master-Slave Configuration and the Race-Around Condition,race-around;pulse-width,6,application,numerical_tolerance,A level-triggered JK flip-flop has an internal propagation delay of 10 ns. What is the largest clock pulse width in nanoseconds that avoids race-around?,,,,,10,0.01,,,
Digital Electronics,Latches and Flip-Flops,Master-Slave Configuration and the Race-Around Condition,race-around;remedy,8,application,multiple_choice_single,Which measure eliminates the race-around condition?,Disconnecting the K input from the circuit,Adding a pull-up resistor at the output,Using a master-slave or edge-triggered configuration,Increasing the width of the clock pulse,C,,,,
Digital Electronics,Latches and Flip-Flops,Master-Slave Configuration and the Race-Around Condition,master-slave;data-transfer-instant,10,analysis,multiple_choice_single,"In a master-slave flip-flop, when is data transferred from the master to the slave?",When both latches are enabled at the same time,Only when the clock is removed,While the master latch is enabled,When the clock level that disables the master enables the slave,D,,,,
Digital Electronics,Latches and Flip-Flops,Flip-Flop Conversions,flip-flop-conversion;d-to-t,2,recall,multiple_choice_single,"To convert a D flip-flop into a T flip-flop, the D input must be driven by",$T\oplus Q$,$T$,$TQ$,$\bar T$,A,,,,
Digital Electronics,Latches and Flip-Flops,Flip-Flop Conversions,flip-flop-conversion;jk-to-d,4,comprehension,multiple_choice_single,Which connection converts a JK flip-flop into a D flip-flop?,"$J=D$, $K=D$","$J=D$, $K=\bar D$","$J=\bar D$, $K=D$",$J=K=\bar D$,B,,,,
Digital Electronics,Latches and Flip-Flops,Flip-Flop Conversions,flip-flop-conversion;jk-to-t,6,application,multiple_choice_single,Which connection converts a JK flip-flop into a T flip-flop?,"$J=0$, $K=T$","$J=T$, $K=\bar T$",$J=K=T$,"$J=T$, $K=0$",C,,,,
Digital Electronics,Latches and Flip-Flops,Flip-Flop Conversions,flip-flop-conversion;sr-to-jk,8,application,multiple_choice_single,Which input equations convert an SR flip-flop into a JK flip-flop?,$S=JQ$ and $R=K\bar Q$,$S=J$ and $R=K$,$S=\bar J$ and $R=\bar K$,$S=J\bar Q$ and $R=KQ$,D,,,,
Digital Electronics,Latches and Flip-Flops,Flip-Flop Conversions,flip-flop-conversion;d-to-jk;gate-count,10,analysis,numerical_tolerance,"A D flip-flop is converted into a JK flip-flop using $D=J\bar Q+\bar KQ$. How many two-input AND and OR gates are needed, assuming complemented signals are available?",,,,,3,0.001,,,
Digital Electronics,Latches and Flip-Flops,"Timing Parameters (Setup Time, Hold Time, Maximum Clock Frequency)",timing;setup-time,2,recall,multiple_choice_single,Setup time of a flip-flop is defined as,the interval before the active clock edge during which the input must be stable,the interval after the active clock edge during which the input must be stable,the delay between the clock edge and the output change,the shortest permissible clock period,A,,,,
Digital Electronics,Latches and Flip-Flops,"Timing Parameters (Setup Time, Hold Time, Maximum Clock Frequency)",timing;hold-time,4,comprehension,multiple_choice_single,Hold time of a flip-flop is measured,before the active clock edge,after the active clock edge,from the clock edge to the output transition,across one full clock period,B,,,,
Digital Electronics,Latches and Flip-Flops,"Timing Parameters (Setup Time, Hold Time, Maximum Clock Frequency)",timing;maximum-clock-frequency,6,application,numerical_tolerance,Two flip-flops with clock-to-output delay 5 ns and setup time 3 ns are separated by combinational logic of maximum delay 12 ns. Find the maximum clock frequency in MHz.,,,,,50,0.01,,,
Digital Electronics,Latches and Flip-Flops,"Timing Parameters (Setup Time, Hold Time, Maximum Clock Frequency)",timing;maximum-clock-frequency;logic-delay,8,application,numerical_tolerance,"For the same flip-flops, the combinational logic delay increases to 32 ns. Find the new maximum clock frequency in MHz.",,,,,25,0.01,,,
Digital Electronics,Latches and Flip-Flops,"Timing Parameters (Setup Time, Hold Time, Maximum Clock Frequency)",timing;hold-violation;remedy,10,evaluation,multiple_choice_single,Which action corrects a hold-time violation on a short data path?,Raising the supply voltage of the flip-flops,Lengthening the clock period of the system,Inserting additional delay in the short data path,Increasing the setup time specification of the flip-flop,C,,,,
Digital Electronics,Registers and Counters,"Shift Registers (SISO, SIPO, PISO, PIPO)",shift-register;serial-loading,2,recall,multiple_choice_single,How many clock pulses are needed to load four bits serially into a 4-bit SISO register?,1,2,4,8,C,,,,
Digital Electronics,Registers and Counters,"Shift Registers (SISO, SIPO, PISO, PIPO)",shift-register;classification,4,comprehension,multiple_choice_single,Which register accepts all its bits simultaneously and presents them all simultaneously?,SISO,SIPO,PISO,PIPO,D,,,,
Digital Electronics,Registers and Counters,"Shift Registers (SISO, SIPO, PISO, PIPO)",shift-register;delay,6,application,numerical_tolerance,A 4-bit SISO register is clocked at 1 MHz. Find the delay in microseconds between a bit entering the serial input and appearing at the serial output.,,,,,4,0.01,,,
Digital Electronics,Registers and Counters,"Shift Registers (SISO, SIPO, PISO, PIPO)",shift-register;application,8,application,multiple_choice_single,A SIPO shift register is typically used to perform,serial-to-parallel conversion,frequency division only,analog signal storage,parallel-to-serial conversion,A,,,,
Digital Electronics,Registers and Counters,"Shift Registers (SISO, SIPO, PISO, PIPO)",shift-register;content-tracking,10,analysis,numerical_tolerance,"A 4-bit SISO register initially holds 0000 and receives the serial sequence 1, 0, 1, 1 with the first bit applied first. After four clock pulses the first-entered bit occupies the MSB. Give the decimal value stored.",,,,,11,0.001,,,
Digital Electronics,Registers and Counters,Universal and Bidirectional Shift Registers,universal-shift-register;capability,2,recall,multiple_choice_single,A universal shift register is able to perform,binary counting only,serial and parallel transfers with shifts in both directions,right shifts only,parallel loading only,B,,,,
Digital Electronics,Registers and Counters,Universal and Bidirectional Shift Registers,universal-shift-register;mode-control,4,comprehension,numerical_tolerance,How many mode-control lines are required to select among four operating modes of a universal shift register?,,,,,2,0.001,,,
Digital Electronics,Registers and Counters,Universal and Bidirectional Shift Registers,bidirectional-shift-register;direction-control,6,application,multiple_choice_single,"In a bidirectional shift register, the shift direction is determined by",the total number of flip-flops used,the magnitude of the supply voltage,the polarity of the clock signal,a mode input that steers the multiplexer at each stage,D,,,,
Digital Electronics,Registers and Counters,Universal and Bidirectional Shift Registers,universal-shift-register;multiplexer-size,8,application,numerical_tolerance,Each stage of a four-mode universal shift register uses one multiplexer ahead of its D input. How many data inputs must each multiplexer have?,,,,,4,0.001,,,
Digital Electronics,Registers and Counters,Universal and Bidirectional Shift Registers,universal-shift-register;multiplexer-role,10,analysis,multiple_choice_single,Why is a multiplexer placed ahead of each flip-flop in a universal shift register?,To select which signal is loaded into that flip-flop for the chosen mode,To remove the setup time requirement of the flip-flop,To convert the register into a ripple counter,To raise the maximum clock frequency of the register,A,,,,
Digital Electronics,Registers and Counters,Ring and Johnson (Twisted-Ring) Counters,ring-counter;state-count,2,recall,multiple_choice_single,How many valid states does a 4-bit ring counter have?,4,2,8,16,A,,,,
Digital Electronics,Registers and Counters,Ring and Johnson (Twisted-Ring) Counters,johnson-counter;state-count,4,comprehension,multiple_choice_single,A Johnson counter built from $n$ flip-flops has how many distinct states?,$n$,$2n$,$2^n$,$n^2$,B,,,,
Digital Electronics,Registers and Counters,Ring and Johnson (Twisted-Ring) Counters,johnson-counter;flip-flop-count,6,application,numerical_tolerance,How many flip-flops are required for a Johnson counter that produces 10 distinct states?,,,,,5,0.001,,,
Digital Electronics,Registers and Counters,Ring and Johnson (Twisted-Ring) Counters,ring-counter;output-frequency,8,application,numerical_tolerance,A 4-bit ring counter is clocked at 2 MHz. Find the frequency in kHz of the waveform at any one flip-flop output.,,,,,500,0.01,,,
Digital Electronics,Registers and Counters,Ring and Johnson (Twisted-Ring) Counters,ring-counter;initialization,10,analysis,multiple_choice_single,Why must a ring counter be preset before normal operation?,Because every one of its states is otherwise invalid,Because it operates without any clock signal,Because exactly one flip-flop must be set for the valid sequence to circulate,Because all of its flip-flops are level triggered,C,,,,
Digital Electronics,Registers and Counters,Asynchronous (Ripple) Counters,ripple-counter;clock-connection,2,recall,multiple_choice_single,"In a ripple counter, the clock input of each stage is driven by",the common system clock,an external count-enable input,the master reset line,the output of the preceding flip-flop,D,,,,
Digital Electronics,Registers and Counters,Asynchronous (Ripple) Counters,ripple-counter;disadvantage,4,comprehension,multiple_choice_single,What is the chief disadvantage of a ripple counter?,It needs more flip-flops than an equivalent synchronous counter,Cumulative propagation delay produces transient false states,It is unable to count in the down direction,It requires two separate clock signals,B,,,,
Digital Electronics,Registers and Counters,Asynchronous (Ripple) Counters,ripple-counter;settling-time,6,application,numerical_tolerance,Each flip-flop of a 4-bit ripple counter has a propagation delay of 10 ns. Find the worst-case settling time in nanoseconds.,,,,,40,0.01,,,
Digital Electronics,Registers and Counters,Asynchronous (Ripple) Counters,ripple-counter;maximum-frequency,8,application,numerical_tolerance,"For a 4-bit ripple counter with 10 ns delay per stage, find the maximum usable clock frequency in MHz.",,,,,25,0.01,,,
Digital Electronics,Registers and Counters,Asynchronous (Ripple) Counters,ripple-counter;modulus-modification,10,analysis,multiple_choice_single,How is a decade counter obtained from a 4-bit ripple counter?,By presetting every flip-flop to logic 1,By adding two additional flip-flops to the chain,By detecting the count 1010 and clearing all flip-flops,By disconnecting the clock from the last flip-flop,C,,,,
Digital Electronics,Registers and Counters,Synchronous Counters,synchronous-counter;clocking,2,recall,multiple_choice_single,"In a synchronous counter, the flip-flops receive",individually generated clock signals,no clock signal at all,a two-phase overlapping clock,the same clock signal,D,,,,
Digital Electronics,Registers and Counters,Synchronous Counters,synchronous-counter;toggle-condition,4,comprehension,multiple_choice_single,"In a synchronous binary up counter, a given flip-flop toggles when",all lower-order outputs are at logic 1,the preceding output has just changed,the present count equals zero,any lower-order output is at logic 1,A,,,,
Digital Electronics,Registers and Counters,Synchronous Counters,synchronous-counter;flip-flop-count,6,application,numerical_tolerance,How many flip-flops are required for a synchronous counter of modulus 100?,,,,,7,0.001,,,
Digital Electronics,Registers and Counters,Synchronous Counters,synchronous-counter;maximum-frequency,8,application,numerical_tolerance,A synchronous counter uses flip-flops of 12 ns delay and AND gates of 8 ns delay in the carry path. Find the maximum clock frequency in MHz.,,,,,50,0.01,,,
Digital Electronics,Registers and Counters,Synchronous Counters,synchronous-counter;speed-comparison,10,analysis,multiple_choice_single,Why is a synchronous counter faster than a ripple counter of the same length?,It requires fewer flip-flops for the same modulus,Its stage delays do not accumulate because all flip-flops are clocked together,It needs no combinational logic between the stages,Its flip-flops respond to clock levels rather than edges,B,,,,
Digital Electronics,Registers and Counters,Up/Down and Modulus-N Counter Design,counter-modulus;definition,2,recall,multiple_choice_single,The modulus of a counter is,its clock frequency divided by two,the number of decoded outputs it provides,the number of distinct states in its count sequence,the number of flip-flops it contains,C,,,,
Digital Electronics,Registers and Counters,Up/Down and Modulus-N Counter Design,up-down-counter;direction-control,4,comprehension,multiple_choice_single,"In an up/down counter, the direction control input selects between",the preset and clear inputs of each flip-flop,two different supply voltages,two separate clock signals,the true and complemented flip-flop outputs feeding the stage logic,D,,,,
Digital Electronics,Registers and Counters,Up/Down and Modulus-N Counter Design,mod-n-counter;flip-flop-count,6,application,numerical_tolerance,How many flip-flops are required to build a mod-12 counter?,,,,,4,0.001,,,
Digital Electronics,Registers and Counters,Up/Down and Modulus-N Counter Design,mod-n-counter;clear-detection,8,application,numerical_tolerance,A mod-6 counter counting 0 through 5 is built from a 4-bit synchronous counter with a clear input. At which decimal count value must the clear be activated?,,,,,6,0.001,,,
Digital Electronics,Registers and Counters,Up/Down and Modulus-N Counter Design,mod-n-counter;unused-states,10,analysis,numerical_tolerance,A mod-20 counter is built from five flip-flops. How many of its states are unused?,,,,,12,0.001,,,
Digital Electronics,Registers and Counters,Cascading of Counters and Frequency Division,frequency-division;single-flip-flop,2,recall,multiple_choice_single,A single flip-flop operated in toggle mode divides the input frequency by,1,2,4,8,B,,,,
Digital Electronics,Registers and Counters,Cascading of Counters and Frequency Division,frequency-division;ripple-counter,4,comprehension,numerical_tolerance,A 5-bit binary ripple counter is driven by a 32 kHz clock. Find the frequency in hertz at the most significant output.,,,,,1000,0.01,,,
Digital Electronics,Registers and Counters,Cascading of Counters and Frequency Division,counter-cascading;overall-modulus,6,application,numerical_tolerance,A mod-5 counter is cascaded with a mod-8 counter. Determine the overall modulus.,,,,,40,0.001,,,
Digital Electronics,Registers and Counters,Cascading of Counters and Frequency Division,counter-cascading;output-frequency,8,application,numerical_tolerance,A 1 MHz clock drives a mod-4 counter cascaded with a mod-25 counter. Find the final output frequency in kHz.,,,,,10,0.01,,,
Digital Electronics,Registers and Counters,Cascading of Counters and Frequency Division,counter-cascading;division-factor,10,analysis,multiple_choice_single,Which cascade combination cannot produce an overall division by 60?,A mod-8 counter and a mod-8 counter,A mod-6 counter and a mod-10 counter,A mod-4 counter and a mod-15 counter,A mod-5 counter and a mod-12 counter,A,,,,
Digital Electronics,Synchronous Sequential Circuits,State Diagrams and State Tables,state-diagram;notation,2,recall,multiple_choice_single,"In a state diagram, a directed arc between two circles represents",an output latch of the machine,a stored state of the machine,a transition produced by an input condition,one period of the clock waveform,C,,,,
Digital Electronics,Synchronous Sequential Circuits,State Diagrams and State Tables,state-machine;flip-flop-count,4,comprehension,numerical_tolerance,How many flip-flops are required to implement a synchronous machine having 9 states?,,,,,4,0.001,,,
Digital Electronics,Synchronous Sequential Circuits,State Diagrams and State Tables,state-table;size,6,application,numerical_tolerance,A sequential circuit uses two flip-flops and one external input. How many present-state and input combinations appear in its complete state table?,,,,,8,0.001,,,
Digital Electronics,Synchronous Sequential Circuits,State Diagrams and State Tables,state-table;mealy-output-entries,8,application,multiple_choice_single,"In the state table of a Mealy machine, the output column is specified",for the initial state only,for the reset condition only,for each present state only,for each present state and input combination,D,,,,
Digital Electronics,Synchronous Sequential Circuits,State Diagrams and State Tables,state-table;entry-count,10,analysis,numerical_tolerance,A Moore machine has 5 states and one binary input. How many entries appear in the next-state portion of its state table?,,,,,10,0.001,,,
Digital Electronics,Synchronous Sequential Circuits,Mealy and Moore Machines,moore-machine;output-dependence,2,recall,multiple_choice_single,The output of a Moore machine depends on,the present state only,the present state and the present input,the next state only,the active clock edge only,A,,,,
Digital Electronics,Synchronous Sequential Circuits,Mealy and Moore Machines,mealy-machine;output-dependence,4,comprehension,multiple_choice_single,The output of a Mealy machine depends on,the present state only,the present state and the present input,the next state and the previous output,the previous output only,B,,,,
Digital Electronics,Synchronous Sequential Circuits,Mealy and Moore Machines,mealy-vs-moore;state-count,6,application,multiple_choice_single,"For a given specification, which machine generally requires fewer states?",Both always require the same number,Neither can realize the specification,The Mealy machine,The Moore machine,C,,,,
Digital Electronics,Synchronous Sequential Circuits,Mealy and Moore Machines,mealy-vs-moore;glitch-immunity,8,application,multiple_choice_single,Which machine produces outputs that change only with the state and are therefore free of input glitches?,Both machines equally,Neither machine,The Mealy machine,The Moore machine,D,,,,
Digital Electronics,Synchronous Sequential Circuits,Mealy and Moore Machines,mealy-vs-moore;timing,10,analysis,multiple_choice_single,How do the output timings of equivalent Mealy and Moore machines compare?,The Mealy output appears one clock cycle earlier than the Moore output,The Moore output appears one clock cycle earlier than the Mealy output,Both outputs appear at exactly the same instant,Neither output is related to the clock,A,,,,
Digital Electronics,Synchronous Sequential Circuits,Analysis of Clocked Sequential Circuits,sequential-analysis;first-step,2,recall,multiple_choice_single,The analysis of a clocked sequential circuit begins by writing,the final state diagram,the flip-flop input equations,the load timing diagram,the total gate count,B,,,,
Digital Electronics,Synchronous Sequential Circuits,Analysis of Clocked Sequential Circuits,sequential-analysis;state-equation,4,comprehension,multiple_choice_single,The state equation of a D flip-flop stage is obtained by,differentiating the output with respect to time,ORing the D input with the present output,substituting the D input expression into $Q_{n+1}=D$,complementing the D input expression,C,,,,
Digital Electronics,Synchronous Sequential Circuits,Analysis of Clocked Sequential Circuits,sequential-analysis;t-flip-flop,6,application,multiple_choice_single,A T flip-flop is driven by $T=A\oplus Q$. Which state equation describes the stage?,$Q_{n+1}=\bar A$,$Q_{n+1}=A\oplus Q$,$Q_{n+1}=AQ$,$Q_{n+1}=A$,D,,,,
Digital Electronics,Synchronous Sequential Circuits,Analysis of Clocked Sequential Circuits,sequential-analysis;output-frequency,8,application,numerical_tolerance,A D flip-flop has its $D$ input connected to $\bar Q$ and is clocked at 10 MHz. Find the frequency of $Q$ in MHz.,,,,,5,0.01,,,
Digital Electronics,Synchronous Sequential Circuits,Analysis of Clocked Sequential Circuits,sequential-analysis;unreachable-state,10,analysis,multiple_choice_single,Analysis shows a state that no transition ever enters. This state is described as,an unreachable state,a stable total state,an essential hazard,a critical race,A,,,,
Digital Electronics,Synchronous Sequential Circuits,State Reduction and State Assignment,state-reduction;equivalence,2,recall,multiple_choice_single,Two states of a sequential machine are equivalent when,they are given the same binary code,they produce identical outputs and equivalent next states for every input,they are entered by the same input value,they have the same number of outgoing transitions,B,,,,
Digital Electronics,Synchronous Sequential Circuits,State Reduction and State Assignment,state-reduction;flip-flop-count,4,comprehension,numerical_tolerance,After reduction a machine has 5 states. How many flip-flops does its implementation require?,,,,,3,0.001,,,
Digital Electronics,Synchronous Sequential Circuits,State Reduction and State Assignment,state-assignment;unused-codes,6,application,numerical_tolerance,A reduced machine has 6 states and is implemented with three flip-flops. How many state codes remain unused?,,,,,2,0.001,,,
Digital Electronics,Synchronous Sequential Circuits,State Reduction and State Assignment,state-assignment;objective,8,application,multiple_choice_single,What is the objective of a good state assignment?,Removing the clock from the design,Eliminating the setup time of the flip-flops,Minimizing the next-state and output logic,Maximizing the number of machine states,C,,,,
Digital Electronics,Synchronous Sequential Circuits,State Reduction and State Assignment,state-assignment;count-of-assignments,10,analysis,numerical_tolerance,How many distinct state assignments are possible for a three-state machine implemented with two flip-flops?,,,,,24,0.001,,,
Digital Electronics,Synchronous Sequential Circuits,Design of Sequence Detectors,sequence-detector;overlap,2,recall,multiple_choice_single,An overlapping sequence detector is one in which,detection proceeds without any clock,only the first occurrence is reported,only widely separated occurrences are detected,the tail of one detected sequence may begin the next,D,,,,
Digital Electronics,Synchronous Sequential Circuits,Design of Sequence Detectors,sequence-detector;moore;state-count,4,comprehension,numerical_tolerance,"How many states does a Moore detector for the sequence 101 with overlap require, counting the reset state?",,,,,4,0.001,,,
Digital Electronics,Synchronous Sequential Circuits,Design of Sequence Detectors,sequence-detector;mealy;state-count,6,application,numerical_tolerance,How many states does a Mealy detector for the sequence 101 with overlap require?,,,,,3,0.001,,,
Digital Electronics,Synchronous Sequential Circuits,Design of Sequence Detectors,sequence-detector;output-trace,8,application,multiple_choice_single,A Mealy detector for the sequence 110 with overlap receives the input stream 11011010. How many times does its output go HIGH?,1,2,3,4,B,,,,
Digital Electronics,Synchronous Sequential Circuits,Design of Sequence Detectors,sequence-detector;overlap-vs-nonoverlap,10,analysis,multiple_choice_single,What distinguishes a non-overlapping detector from an overlapping one?,The non-overlapping design returns to the reset state after each detection,The non-overlapping design requires no clock signal,The non-overlapping design always contains more states,The overlapping design cannot be realized as a Moore machine,A,,,,
Digital Electronics,Synchronous Sequential Circuits,Design of Arbitrary-Sequence Counters,arbitrary-counter;design-procedure,2,recall,multiple_choice_single,The first step in designing a counter with an arbitrary count sequence is,sketching the output timing diagram,selecting a suitable logic family,writing the state table of the required sequence,computing the maximum clock frequency,C,,,,
Digital Electronics,Synchronous Sequential Circuits,Design of Arbitrary-Sequence Counters,arbitrary-counter;flip-flop-count,4,comprehension,numerical_tolerance,"A counter repeats the sequence 0, 2, 4, 6. How many flip-flops does it need?",,,,,3,0.001,,,
Digital Electronics,Synchronous Sequential Circuits,Design of Arbitrary-Sequence Counters,arbitrary-counter;jk-excitation,6,application,multiple_choice_single,A counter stage must change from $Q=0$ to $Q=1$ at the next clock edge. Which JK inputs are required?,"$J=X$, $K=1$","$J=0$, $K=0$","$J=X$, $K=0$","$J=1$, $K=X$",D,,,,
Digital Electronics,Synchronous Sequential Circuits,Design of Arbitrary-Sequence Counters,arbitrary-counter;dont-care-states,8,application,numerical_tolerance,"A counter using three flip-flops repeats the sequence 0, 3, 5, 6. How many unused states may be treated as don't cares?",,,,,4,0.001,,,
Digital Electronics,Synchronous Sequential Circuits,Design of Arbitrary-Sequence Counters,arbitrary-counter;lock-out,10,evaluation,multiple_choice_single,What is the risk of treating every unused state as a don't care?,The counter may power up in an unused state and never rejoin the sequence,The design will always require additional flip-flops,The maximum clock frequency falls to zero,The counter becomes asynchronous,A,,,,
Digital Electronics,Asynchronous Sequential Circuits,Fundamental-Mode Operation,fundamental-mode;assumption,2,recall,multiple_choice_single,Fundamental-mode operation assumes that,the outputs never change value,only one input changes at a time and the circuit settles before the next change,all inputs change at the same instant,a periodic clock governs every state change,B,,,,
Digital Electronics,Asynchronous Sequential Circuits,Fundamental-Mode Operation,asynchronous-circuits;memory-mechanism,4,comprehension,multiple_choice_single,"In an asynchronous sequential circuit, memory is provided by",a parallel-load shift register,a bank of clocked flip-flops,feedback paths whose delays hold the secondary variables,an external read-only memory,C,,,,
Digital Electronics,Asynchronous Sequential Circuits,Fundamental-Mode Operation,asynchronous-circuits;total-state,6,application,multiple_choice_single,The total state of an asynchronous sequential circuit is defined by,the output values alone,the input combination alone,the internal state alone,the input combination together with the internal state,D,,,,
Digital Electronics,Asynchronous Sequential Circuits,Fundamental-Mode Operation,asynchronous-circuits;stability-condition,8,application,multiple_choice_single,A total state is stable when the excitation variable $Y$ and the secondary variable $y$ satisfy,$Y=y$,$Y=0$ for every input,$y=1$ for every input,$Y=\bar y$,A,,,,
Digital Electronics,Asynchronous Sequential Circuits,Fundamental-Mode Operation,asynchronous-vs-synchronous;design-difficulty,10,analysis,multiple_choice_single,Why is asynchronous design more difficult than synchronous design?,It always requires more flip-flops for the same function,Transitions depend on circuit delays so races and hazards must be analysed explicitly,Asynchronous circuits are unable to store any state information,Asynchronous circuits require a two-phase clock generator,B,,,,
Digital Electronics,Asynchronous Sequential Circuits,Flow Tables and Primitive Flow Tables,primitive-flow-table;definition,2,recall,multiple_choice_single,A primitive flow table is one in which each row contains,no stable total state,one entry for each output,exactly one stable total state,exactly two stable total states,C,,,,
Digital Electronics,Asynchronous Sequential Circuits,Flow Tables and Primitive Flow Tables,flow-table;merging-purpose,4,comprehension,multiple_choice_single,Merging rows of a primitive flow table reduces,the number of output variables,the propagation delay of the gates,the number of input variables,the number of internal states,D,,,,
Digital Electronics,Asynchronous Sequential Circuits,Flow Tables and Primitive Flow Tables,flow-table;secondary-variable-count,6,application,numerical_tolerance,A primitive flow table of six rows is merged into three rows. How many secondary variables are then required?,,,,,2,0.001,,,
Digital Electronics,Asynchronous Sequential Circuits,Flow Tables and Primitive Flow Tables,flow-table;merging-condition,8,application,multiple_choice_single,Two rows of a flow table may be merged provided that,no column contains conflicting entries in the two rows,the two rows carry identical input codes,each row holds the same number of stable states,the outputs of the two rows are complementary,A,,,,
Digital Electronics,Asynchronous Sequential Circuits,Flow Tables and Primitive Flow Tables,flow-table;reduction-rationale,10,analysis,multiple_choice_single,Why is a primitive flow table reduced before implementation?,To force the resulting circuit to operate synchronously,To reduce the number of secondary variables and hence the required logic,To remove the need for any feedback path,To eliminate every hazard automatically,B,,,,
Digital Electronics,Asynchronous Sequential Circuits,"Races, Critical Races, and Cycles",race;definition,2,recall,multiple_choice_single,A race condition arises when,exactly one secondary variable changes,the two outputs are complementary,two or more secondary variables change in response to one input change,the clock frequency exceeds the rated maximum,C,,,,
Digital Electronics,Asynchronous Sequential Circuits,"Races, Critical Races, and Cycles",race;non-critical,4,comprehension,multiple_choice_single,A race is classified as non-critical when,it can occur only at power-up,the affected output is left unconnected,the circuit oscillates indefinitely,the final stable state is independent of the order in which the variables change,D,,,,
Digital Electronics,Asynchronous Sequential Circuits,"Races, Critical Races, and Cycles",critical-race;consequence,6,application,multiple_choice_single,What is the consequence of a critical race?,The circuit settles in an unintended stable state,The output is undefined for exactly one gate delay,The supply current rises without affecting operation,A permanent short circuit forms at the output,A,,,,
Digital Electronics,Asynchronous Sequential Circuits,"Races, Critical Races, and Cycles",race;avoidance;state-assignment,8,application,multiple_choice_single,How are critical races normally avoided?,By raising the supply voltage of all gates,By assigning adjacent state codes so only one secondary variable changes per transition,By adding redundant terms to the output equations,By replacing the gates with transparent latches,B,,,,
Digital Electronics,Asynchronous Sequential Circuits,"Races, Critical Races, and Cycles",cycle;definition,10,analysis,multiple_choice_single,A cycle in an asynchronous sequential circuit is,a permanent short circuit between two outputs,a state change triggered by an active clock edge,a sequence of unstable transitions that may end in a stable state or oscillate,a stable state that can be entered from two different inputs,C,,,,
Digital Electronics,Asynchronous Sequential Circuits,Hazards in Asynchronous Circuits,essential-hazard;cause,2,recall,multiple_choice_single,An essential hazard is caused by,a violation of the fan-out specification,the absence of a pull-up resistor at the output,operation above the rated supply voltage,unequal delays between an input change and the feedback variables,D,,,,
Digital Electronics,Asynchronous Sequential Circuits,Hazards in Asynchronous Circuits,essential-hazard;detection,4,comprehension,multiple_choice_single,How is an essential hazard identified?,From the flow table by examining the response to successive changes of one input,From the Karnaugh map of the output function alone,It cannot be identified before fabrication,Only by simulating the final physical layout,A,,,,
Digital Electronics,Asynchronous Sequential Circuits,Hazards in Asynchronous Circuits,essential-hazard;remedy,6,application,multiple_choice_single,Which measure normally removes an essential hazard?,Adding a periodic clock to the circuit,Inserting additional delay in the feedback path,Removing the feedback path from the circuit,Increasing the fan-in of the output gate,B,,,,
Digital Electronics,Asynchronous Sequential Circuits,Hazards in Asynchronous Circuits,static-hazard;asynchronous-consequence,8,application,multiple_choice_single,Why must static hazards be removed from asynchronous circuits although they are often tolerated in synchronous ones?,Because synchronous circuits contain no propagation delay,Because a glitch raises the power dissipation beyond the rating,Because a glitch can propagate through the feedback path and cause a false state change,Because glitches physically damage the logic gates,C,,,,
Digital Electronics,Asynchronous Sequential Circuits,Hazards in Asynchronous Circuits,hazards;comparison;redundant-terms,10,analysis,multiple_choice_single,Which hazard cannot be eliminated by adding redundant product terms?,Dynamic hazard,Static-0 hazard,Static-1 hazard,Essential hazard,D,,,,
Digital Electronics,Memory and Programmable Logic Devices,Memory Classification and Organization,memory;volatility,2,recall,multiple_choice_single,Memory that loses its stored contents when power is removed is described as,volatile,read-only,sequential-access,non-volatile,A,,,,
Digital Electronics,Memory and Programmable Logic Devices,Memory Classification and Organization,memory;address-lines,4,comprehension,numerical_tolerance,How many address lines are required by a memory organized as 1K $\times$ 8?,,,,,10,0.001,,,
Digital Electronics,Memory and Programmable Logic Devices,Memory Classification and Organization,memory;capacity,6,application,numerical_tolerance,A memory chip has 12 address lines and 8 data lines. Find its total capacity in bits.,,,,,32768,0.001,,,
Digital Electronics,Memory and Programmable Logic Devices,Memory Classification and Organization,memory;address-lines;large-array,8,application,numerical_tolerance,How many address lines are required by a memory organized as 64K $\times$ 4?,,,,,16,0.001,,,
Digital Electronics,Memory and Programmable Logic Devices,Memory Classification and Organization,memory;internal-organization;row-decoder,10,analysis,multiple_choice_single,"In a two-dimensional memory array, which element selects the word line?",The internal refresh counter,The row decoder driven by the high-order address bits,The bidirectional data bus,The write-enable control input,B,,,,
Digital Electronics,Memory and Programmable Logic Devices,"ROM Types (Mask ROM, PROM, EPROM, EEPROM, Flash)",rom-types;mask-rom,2,recall,multiple_choice_single,A mask ROM receives its stored pattern,electrically while installed in circuit,by controlled exposure to ultraviolet light,during manufacture through its mask pattern,from the user by means of a programmer,C,,,,
Digital Electronics,Memory and Programmable Logic Devices,"ROM Types (Mask ROM, PROM, EPROM, EEPROM, Flash)",rom-types;eprom-erasure,4,comprehension,multiple_choice_single,An EPROM is erased by,disconnecting the supply voltage,replacing the fabrication mask,applying an electrical erase pulse to each cell,exposing the chip to ultraviolet light,D,,,,
Digital Electronics,Memory and Programmable Logic Devices,"ROM Types (Mask ROM, PROM, EPROM, EEPROM, Flash)",rom-types;eeprom,6,application,multiple_choice_single,Which device can be erased electrically one byte at a time while in circuit?,EEPROM,Mask ROM,PROM,EPROM,A,,,,
Digital Electronics,Memory and Programmable Logic Devices,"ROM Types (Mask ROM, PROM, EPROM, EEPROM, Flash)",rom-types;flash-memory,8,application,multiple_choice_single,How does flash memory differ from conventional EEPROM?,It loses its contents when power is removed,It must be erased in blocks or sectors rather than by byte,It cannot be reprogrammed once written,It requires ultraviolet light for erasure,B,,,,
Digital Electronics,Memory and Programmable Logic Devices,"ROM Types (Mask ROM, PROM, EPROM, EEPROM, Flash)",rom;truth-table-storage,10,analysis,numerical_tolerance,A ROM stores the complete truth table of a combinational function with four inputs and three outputs. How many bits of storage are needed?,,,,,48,0.001,,,
Digital Electronics,Memory and Programmable Logic Devices,RAM (Static vs Dynamic),sram;storage-cell,2,recall,multiple_choice_single,A static RAM cell stores one bit in,a fusible link,a floating-gate transistor,a bistable latch,a storage capacitor,C,,,,
Digital Electronics,Memory and Programmable Logic Devices,RAM (Static vs Dynamic),dram;refresh-requirement,4,comprehension,multiple_choice_single,Why must dynamic RAM be refreshed periodically?,Its address decoder resets after each access,Its cells are non-volatile and must be cleared,Its internal latch gradually loses gain,Charge leaks away from the storage capacitor,D,,,,
Digital Electronics,Memory and Programmable Logic Devices,RAM (Static vs Dynamic),dram-vs-sram;comparison,6,application,multiple_choice_single,"Compared with static RAM, dynamic RAM offers",higher storage density and lower cost per bit,shorter access time and no refresh requirement,non-volatile retention of stored data,unlimited write endurance per cell,A,,,,
Digital Electronics,Memory and Programmable Logic Devices,RAM (Static vs Dynamic),dram;refresh-interval,8,application,numerical_tolerance,A DRAM has 4096 rows and every row must be refreshed within 64 ms. Find the maximum interval between successive row refreshes in microseconds.,,,,,15.625,1%,,,
Digital Electronics,Memory and Programmable Logic Devices,RAM (Static vs Dynamic),sram;cache-application,10,evaluation,multiple_choice_single,Why is static RAM rather than dynamic RAM used for cache memory?,Static RAM retains data without any supply voltage,Static RAM offers shorter access time and needs no refresh cycles,Static RAM provides greater storage density per unit area,Static RAM costs less per stored bit,B,,,,
Digital Electronics,Memory and Programmable Logic Devices,Memory Expansion and Address Decoding,memory-expansion;word-length,2,recall,multiple_choice_single,Combining two 1K $\times$ 4 chips to form a 1K $\times$ 8 memory is an example of,address multiplexing between chips,shared refresh operation,data-width expansion of each word,word-capacity expansion of the memory,C,,,,
Digital Electronics,Memory and Programmable Logic Devices,Memory Expansion and Address Decoding,memory-expansion;chip-count,4,comprehension,numerical_tolerance,How many 1K $\times$ 8 chips are required to build a 4K $\times$ 8 memory?,,,,,4,0.001,,,
Digital Electronics,Memory and Programmable Logic Devices,Memory Expansion and Address Decoding,memory-expansion;two-dimensional,6,application,numerical_tolerance,How many 2K $\times$ 4 chips are required to build an 8K $\times$ 8 memory?,,,,,8,0.001,,,
Digital Electronics,Memory and Programmable Logic Devices,Memory Expansion and Address Decoding,address-decoding;chip-select,8,application,multiple_choice_single,"In a multi-chip memory array, the chip-select signals are generated from",the bidirectional data bus lines,the read/write control line alone,the low-order address lines,a decoder driven by the high-order address lines,D,,,,
Digital Electronics,Memory and Programmable Logic Devices,Memory Expansion and Address Decoding,address-decoding;address-range,10,analysis,multiple_choice_single,A 4K byte memory block begins at address 2000H. What is its highest address?,2FFFH,3000H,24FFH,27FFH,A,,,,
Digital Electronics,Memory and Programmable Logic Devices,Programmable Logic Arrays (PLA) and Programmable Array Logic (PAL),pla;array-programmability,2,recall,multiple_choice_single,In a programmable logic array (PLA) which arrays are programmable?,The OR array only,Both the AND and the OR arrays,Neither array is programmable,The AND array only,B,,,,
Digital Electronics,Memory and Programmable Logic Devices,Programmable Logic Arrays (PLA) and Programmable Array Logic (PAL),pal;array-programmability,4,comprehension,multiple_choice_single,In a programmable array logic (PAL) device which array is programmable?,Neither array,The OR array only,The AND array only,Both arrays equally,C,,,,
Digital Electronics,Memory and Programmable Logic Devices,Programmable Logic Arrays (PLA) and Programmable Array Logic (PAL),prom;as-logic-device,6,application,multiple_choice_single,"When a PROM is used to realize combinational logic, which part is programmed by the user?",The fixed AND decoder,Both arrays equally,The output buffers only,The OR array,D,,,,
Digital Electronics,Memory and Programmable Logic Devices,Programmable Logic Arrays (PLA) and Programmable Array Logic (PAL),pla;or-array-connections,8,application,numerical_tolerance,"A PLA has 4 inputs, 8 product terms and 3 outputs. How many programmable connections does its OR array contain?",,,,,24,0.001,,,
Digital Electronics,Memory and Programmable Logic Devices,Programmable Logic Arrays (PLA) and Programmable Array Logic (PAL),pla;and-array-connections,10,analysis,numerical_tolerance,"For the same PLA with 4 inputs available in true and complemented form and 8 product terms, how many programmable connections does the AND array contain?",,,,,64,0.001,,,
Digital Electronics,Memory and Programmable Logic Devices,CPLD and FPGA Architecture Basics,fpga;logic-element,2,recall,multiple_choice_single,The basic programmable logic element of a typical SRAM-based FPGA is,a look-up table together with a flip-flop,a fixed full-adder cell,a mask-programmed ROM block,a fixed carry-look-ahead unit,A,,,,
Digital Electronics,Memory and Programmable Logic Devices,CPLD and FPGA Architecture Basics,fpga;lut-size,4,comprehension,numerical_tolerance,How many entries does the truth table held in a four-input look-up table contain?,,,,,16,0.001,,,
Digital Electronics,Memory and Programmable Logic Devices,CPLD and FPGA Architecture Basics,cpld-vs-fpga;architecture,6,application,multiple_choice_single,How does a CPLD architecture differ from that of an FPGA?,It contains no programmable interconnect at all,It uses PAL-like macrocells with a global interconnect giving more predictable delays,It is unable to implement any sequential logic,It can be programmed only at the factory,B,,,,
Digital Electronics,Memory and Programmable Logic Devices,CPLD and FPGA Architecture Basics,fpga;lut-function-capacity,8,application,numerical_tolerance,How many distinct Boolean functions can one four-input look-up table implement?,,,,,65536,0.001,,,
Digital Electronics,Memory and Programmable Logic Devices,CPLD and FPGA Architecture Basics,fpga;configuration-storage,10,analysis,multiple_choice_single,Why does an SRAM-based FPGA require an external non-volatile device?,Its logic blocks require a periodic refresh counter,Each new design requires a replacement fabrication mask,Its configuration is lost at power-down and must be reloaded at power-up,Its look-up tables must be erased by ultraviolet light before reuse,C,,,,
Digital Electronics,Data Conversion,"Sampling, Quantization, and Sample-and-Hold",sampling;nyquist-criterion,2,recall,multiple_choice_single,The Nyquist criterion requires the sampling rate to be at least,half the highest signal frequency,ten times the highest signal frequency,equal to the highest signal frequency,twice the highest signal frequency,D,,,,
Digital Electronics,Data Conversion,"Sampling, Quantization, and Sample-and-Hold",sampling;minimum-rate,4,comprehension,numerical_tolerance,A signal whose highest frequency component is 4 kHz is to be sampled. Find the minimum sampling rate in kHz.,,,,,8,0.01,,,
Digital Electronics,Data Conversion,"Sampling, Quantization, and Sample-and-Hold",sample-and-hold;purpose,6,application,multiple_choice_single,What is the function of a sample-and-hold circuit ahead of an ADC?,To hold the analog value constant while the conversion takes place,To filter high-frequency noise from the input,To convert an input current into a voltage,To amplify the analog input to full scale,A,,,,
Digital Electronics,Data Conversion,"Sampling, Quantization, and Sample-and-Hold",quantization;step-size,8,application,numerical_tolerance,An 8-bit ADC has a full-scale range of 5.12 V. Find its quantization step size in millivolts.,,,,,20,0.01,,,
Digital Electronics,Data Conversion,"Sampling, Quantization, and Sample-and-Hold",aliasing;cause,10,analysis,multiple_choice_single,Aliasing in a sampled system occurs when,the input signal is a constant DC level,the sampling rate is below twice the highest input frequency,the converter resolution is made too high,the sample-and-hold droop rate is zero,B,,,,
Digital Electronics,Data Conversion,"Digital-to-Analog Converters (Weighted-Resistor, R-2R Ladder)",dac;r-2r-ladder;resistor-values,2,recall,multiple_choice_single,How many different resistor values are used in an R-2R ladder DAC?,One for each input bit,One,Two,Four,C,,,,
Digital Electronics,Data Conversion,"Digital-to-Analog Converters (Weighted-Resistor, R-2R Ladder)",dac;weighted-resistor;drawback,4,comprehension,multiple_choice_single,What is the principal drawback of the binary-weighted resistor DAC?,It cannot be used with an operational amplifier,It needs a continuous clock signal to operate,It produces a digital rather than analog output,It requires a very wide range of precise resistor values,D,,,,
Digital Electronics,Data Conversion,"Digital-to-Analog Converters (Weighted-Resistor, R-2R Ladder)",dac;output-voltage,6,application,numerical_tolerance,A 4-bit DAC has a step size of 0.5 V. Find its output voltage in volts for the input code 1010.,,,,,5,0.01,,,
Digital Electronics,Data Conversion,"Digital-to-Analog Converters (Weighted-Resistor, R-2R Ladder)",dac;output-voltage;eight-bit,8,application,numerical_tolerance,An 8-bit DAC spans 0 V to 2.55 V full scale. Find its output in volts for the input code 01100100.,,,,,1,0.01,,,
Digital Electronics,Data Conversion,"Digital-to-Analog Converters (Weighted-Resistor, R-2R Ladder)",dac;r-2r-ladder;monolithic-advantage,10,analysis,multiple_choice_single,Why is the R-2R ladder preferred for monolithic DACs?,It uses only two resistor values that are easily matched on a chip,It operates without any reference voltage source,It provides infinite output resolution,It requires no analog switches,A,,,,
Digital Electronics,Data Conversion,"DAC Specifications (Resolution, Full-Scale Output, Settling Time)",dac-specifications;output-levels,2,recall,numerical_tolerance,How many discrete output levels can a 10-bit DAC produce?,,,,,1024,0.001,,,
Digital Electronics,Data Conversion,"DAC Specifications (Resolution, Full-Scale Output, Settling Time)",dac-specifications;percent-resolution,4,comprehension,numerical_tolerance,Find the resolution of an 8-bit DAC expressed as a percentage of full scale.,,,,,0.392,0.01,,,
Digital Electronics,Data Conversion,"DAC Specifications (Resolution, Full-Scale Output, Settling Time)",dac-specifications;step-size,6,application,numerical_tolerance,A 12-bit DAC has a full-scale output of 4.095 V. Find its step size in millivolts.,,,,,1,0.01,,,
Digital Electronics,Data Conversion,"DAC Specifications (Resolution, Full-Scale Output, Settling Time)",dac-specifications;settling-time,8,application,multiple_choice_single,Settling time of a DAC is defined as,the time needed to charge the digital input capacitance,the time for the output to enter and remain within a specified error band after a code change,the interval between two successive clock edges,the propagation delay of the reference amplifier only,B,,,,
Digital Electronics,Data Conversion,"DAC Specifications (Resolution, Full-Scale Output, Settling Time)",dac-specifications;monotonicity,10,analysis,multiple_choice_single,A DAC specified as monotonic guarantees that,the settling time is the same for every code,the output error is zero at every code,the output never decreases as the input code increases,the output is linear to within one full-scale unit,C,,,,
Digital Electronics,Data Conversion,"Analog-to-Digital Converters (Flash, Counter-Type, Successive Approximation, Dual-Slope, Sigma-Delta)",adc-types;flash;speed,2,recall,multiple_choice_single,Which analog-to-digital converter provides the shortest conversion time?,Counter-type,Dual-slope,Successive approximation,Flash,D,,,,
Digital Electronics,Data Conversion,"Analog-to-Digital Converters (Flash, Counter-Type, Successive Approximation, Dual-Slope, Sigma-Delta)",adc-types;flash;comparator-count,4,comprehension,numerical_tolerance,How many comparators are required by a 4-bit flash ADC?,,,,,15,0.001,,,
Digital Electronics,Data Conversion,"Analog-to-Digital Converters (Flash, Counter-Type, Successive Approximation, Dual-Slope, Sigma-Delta)",adc-types;successive-approximation;clock-cycles,6,application,numerical_tolerance,How many clock cycles does an 8-bit successive-approximation ADC need for one conversion?,,,,,8,0.001,,,
Digital Electronics,Data Conversion,"Analog-to-Digital Converters (Flash, Counter-Type, Successive Approximation, Dual-Slope, Sigma-Delta)",adc-types;dual-slope;noise-rejection,8,application,multiple_choice_single,Why is the dual-slope ADC favoured in digital voltmeters?,Its integrating action rejects periodic noise such as line hum,It operates without any reference voltage,It needs the smallest number of clock cycles,It offers the shortest possible conversion time,A,,,,
Digital Electronics,Data Conversion,"Analog-to-Digital Converters (Flash, Counter-Type, Successive Approximation, Dual-Slope, Sigma-Delta)",adc-types;counter-type;conversion-time,10,analysis,multiple_choice_single,How does the conversion time of a counter-type ADC behave?,It is the same for every input voltage,It increases with the amplitude of the input voltage,It decreases as the resolution is increased,It is independent of the clock frequency,B,,,,
Digital Electronics,Data Conversion,"ADC Performance (Resolution, Conversion Time, Quantization Error)",adc-performance;quantization-error,2,recall,multiple_choice_single,The maximum quantization error of an ideal ADC is,exactly zero,$\pm 1$ LSB,$\pm \tfrac12$ LSB,$\pm 2$ LSB,C,,,,
Digital Electronics,Data Conversion,"ADC Performance (Resolution, Conversion Time, Quantization Error)",adc-performance;resolution,4,comprehension,numerical_tolerance,A 10-bit ADC has a full-scale input range of 5 V. Find its resolution in millivolts.,,,,,4.883,1%,,,
Digital Electronics,Data Conversion,"ADC Performance (Resolution, Conversion Time, Quantization Error)",adc-performance;quantization-error-value,6,application,numerical_tolerance,"For a 10-bit ADC with a 5 V full-scale range, find the maximum quantization error in millivolts.",,,,,2.441,1%,,,
Digital Electronics,Data Conversion,"ADC Performance (Resolution, Conversion Time, Quantization Error)",adc-performance;conversion-time,8,application,numerical_tolerance,A 12-bit successive-approximation ADC is clocked at 2 MHz. Find its conversion time in microseconds.,,,,,6,0.01,,,
Digital Electronics,Data Conversion,"ADC Performance (Resolution, Conversion Time, Quantization Error)",adc-performance;signal-to-noise-ratio,10,analysis,multiple_choice_single,By how much does the ideal signal-to-quantization-noise ratio improve for each additional bit of ADC resolution?,About 12 dB,It does not depend on the number of bits,About 3 dB,About 6 dB,D,,,,
Digital Electronics,Digital Timing and Pulse Circuits,Schmitt Trigger and Waveform Shaping,schmitt-trigger;hysteresis,2,recall,multiple_choice_single,A Schmitt trigger is characterized by,two distinct thresholds producing hysteresis,the complete absence of a threshold,a linear input-output characteristic,a single fixed switching threshold,A,,,,
Digital Electronics,Digital Timing and Pulse Circuits,Schmitt Trigger and Waveform Shaping,schmitt-trigger;application,4,comprehension,multiple_choice_single,A Schmitt trigger is used in digital systems to,store one bit of binary information,convert a slowly changing noisy input into clean fast transitions,amplify small analog signals linearly,divide the input frequency by two,B,,,,
Digital Electronics,Digital Timing and Pulse Circuits,Schmitt Trigger and Waveform Shaping,schmitt-trigger;hysteresis-width,6,application,numerical_tolerance,A Schmitt trigger switches at an upper threshold of 3.0 V and a lower threshold of 1.4 V. Find its hysteresis width in volts.,,,,,1.6,1%,,,
Digital Electronics,Digital Timing and Pulse Circuits,Schmitt Trigger and Waveform Shaping,schmitt-trigger;waveform-shaping,8,application,multiple_choice_single,A triangular waveform of adequate amplitude applied to a Schmitt trigger produces,a constant DC output,a sinusoidal output,a rectangular output,a sawtooth output,C,,,,
Digital Electronics,Digital Timing and Pulse Circuits,Schmitt Trigger and Waveform Shaping,schmitt-trigger;noise-immunity,10,analysis,multiple_choice_single,Why does hysteresis prevent multiple output transitions on a noisy input edge?,The voltage gain becomes infinite at the switching point,The output is latched by an internal clock signal,An internal capacitor filters the noise before the comparison,Noise smaller than the hysteresis band cannot recross the active threshold,D,,,,
Digital Electronics,Digital Timing and Pulse Circuits,Monostable and Astable Multivibrators,monostable;stable-states,2,recall,multiple_choice_single,How many stable states does a monostable multivibrator have?,One,Two,None,Three,A,,,,
Digital Electronics,Digital Timing and Pulse Circuits,Monostable and Astable Multivibrators,astable;stable-states,4,comprehension,multiple_choice_single,How many stable states does an astable multivibrator have?,Two,None,One stable and one metastable,One,B,,,,
Digital Electronics,Digital Timing and Pulse Circuits,Monostable and Astable Multivibrators,monostable;application,6,application,multiple_choice_single,A monostable multivibrator is used to,divide the input frequency by four,generate a linear voltage ramp,produce an output pulse of fixed width for each trigger,store binary information indefinitely,C,,,,
Digital Electronics,Digital Timing and Pulse Circuits,Monostable and Astable Multivibrators,monostable;duty-cycle,8,application,numerical_tolerance,A monostable produces a 1 ms output pulse and is retriggered every 5 ms. Find the output duty cycle in percent.,,,,,20,0.01,,,
Digital Electronics,Digital Timing and Pulse Circuits,Monostable and Astable Multivibrators,bistable;digital-equivalent,10,analysis,multiple_choice_single,Which digital element corresponds to a bistable multivibrator?,A monostable timer,A Schmitt trigger,A clock oscillator,A flip-flop,D,,,,
Digital Electronics,Digital Timing and Pulse Circuits,The 555 Timer,555-timer;astable-output,2,recall,multiple_choice_single,A 555 timer connected in astable mode produces,a continuous rectangular waveform,a single pulse for each trigger,a linear voltage ramp,a sinusoidal output,A,,,,
Digital Electronics,Digital Timing and Pulse Circuits,The 555 Timer,555-timer;monostable-pulse-width,4,comprehension,multiple_choice_single,"For a 555 timer in monostable mode, the output pulse width is given by",$0.693RC$,$1.1RC$,$0.5RC$,$2.2RC$,B,,,,
Digital Electronics,Digital Timing and Pulse Circuits,The 555 Timer,555-timer;monostable-calculation,6,application,numerical_tolerance,A 555 monostable uses $R=10$ k$\Omega$ and $C=0.1$ $\mu$F. Find the output pulse width in milliseconds.,,,,,1.1,1%,,,
Digital Electronics,Digital Timing and Pulse Circuits,The 555 Timer,555-timer;astable-frequency,8,application,numerical_tolerance,A 555 astable circuit uses $R_A=R_B=10$ k$\Omega$ and $C=0.01$ $\mu$F. Find the oscillation frequency in kHz.,,,,,4.8,0.05,,,
Digital Electronics,Digital Timing and Pulse Circuits,The 555 Timer,555-timer;internal-comparators,10,analysis,multiple_choice_single,At which fractions of the supply voltage do the internal comparators of a 555 timer switch?,Zero volts and $V_{CC}$,One quarter and three quarters of $V_{CC}$,One third and two thirds of $V_{CC}$,One half of $V_{CC}$ only,C,,,,
Digital Electronics,Digital Timing and Pulse Circuits,Clock Generation and Contact Debouncing,contact-bounce;effect,2,recall,multiple_choice_single,Mechanical contact bounce produces,a permanent short across the contacts,a slow linear voltage ramp,one clean transition per actuation,several spurious transitions per actuation,D,,,,
Digital Electronics,Digital Timing and Pulse Circuits,Clock Generation and Contact Debouncing,debouncing;latch-circuit,4,comprehension,multiple_choice_single,Which arrangement is a standard switch debouncing circuit?,An SR latch driven by a single-pole double-throw switch,A binary ripple counter driven by the switch,A full adder with the switch on one input,An open-collector buffer with no pull-up,A,,,,
Digital Electronics,Digital Timing and Pulse Circuits,Clock Generation and Contact Debouncing,debouncing;rc-time-constant,6,application,numerical_tolerance,A switch bounces for up to 8 ms. An RC debounce network with $C=1$ $\mu$F must have a time constant at least equal to this. Find the minimum resistance in kilohms.,,,,,8,0.01,,,
Digital Electronics,Digital Timing and Pulse Circuits,Clock Generation and Contact Debouncing,clock-generation;crystal-oscillator,8,application,multiple_choice_single,Why is a crystal oscillator preferred as a system clock source?,Its frequency can be varied over a wide range,Its frequency stability is far better than that of an RC oscillator,It operates without any supply voltage,It delivers a perfect square wave without buffering,B,,,,
Digital Electronics,Digital Timing and Pulse Circuits,Clock Generation and Contact Debouncing,clock-generation;schmitt-oscillator,10,analysis,multiple_choice_single,Why is a Schmitt-trigger inverter used in a simple RC clock oscillator?,Its input current is effectively infinite,It doubles the frequency set by the RC network,Its hysteresis sets the charge and discharge limits and gives clean output edges,It removes the need for the timing resistor,C,,,,
