subject,topic,subtopic,skill_tags,difficulty,cognitive_level,answer_type,question_text,option_a,option_b,option_c,option_d,correct_answer,numerical_tolerance,solution,explanation,reference
Feedback and Control Systems,Laplace and Inverse Laplace Transform,Laplace Transforms,basic-pairs;impulse;laplace-transform,1,recall,text_short,What is the Laplace transform of the unit impulse $\delta(t)$?,,,,,1|unity|one,,By definition $\mathcal{L}\{\delta(t)\}=\int_{0^-}^{\infty}\delta(t)e^{-st}dt=e^{-s\cdot 0}=1$.,"The impulse samples the kernel at $t=0$, so the transform is the constant 1 for all $s$.",
Feedback and Control Systems,Laplace and Inverse Laplace Transform,Laplace Transforms,basic-functions;laplace-transform,2,recall,multiple_choice_single,"What is the Laplace transform of the unit-step signal $1$, for $t\ge 0$?",$1$,$1/s$,$s$,$1/s^2$,B,,,,
Feedback and Control Systems,Laplace and Inverse Laplace Transform,Laplace Transforms,evaluation;laplace-transform;polynomial,2,application,numerical_tolerance,"For $f(t)=t^3u(t)$, evaluate $F(s)$ at $s=2$.",,,,,0.375,1%,"$\mathcal{L}\{t^n\}=n!/s^{n+1}$, so $F(s)=3!/s^4=6/s^4$. At $s=2$: $6/16=0.375$.","Requires the factorial form of the power-law pair, then a direct substitution.",
Feedback and Control Systems,Laplace and Inverse Laplace Transform,Laplace Transforms,existence;laplace-transform;region-of-convergence,3,comprehension,text_short,"For $f(t)=e^{4t}u(t)$, the unilateral Laplace integral converges only for $\operatorname{Re}(s)$ greater than a certain value. State that value.",,,,,4|four|s=4|Re(s)>4,,"$\int_0^\infty e^{4t}e^{-st}dt=\int_0^\infty e^{-(s-4)t}dt$ converges only if $\operatorname{Re}(s-4)>0$, i.e. $\operatorname{Re}(s)>4$.",The abscissa of convergence sits at the exponential growth rate of the signal.,
Feedback and Control Systems,Laplace and Inverse Laplace Transform,Laplace Transforms,laplace-transform;polynomial,4,comprehension,multiple_choice_single,Which expression is the Laplace transform of $t^2$?,$1/s^2$,$2/s^2$,$6/s^3$,$2/s^3$,D,,,,
Feedback and Control Systems,Laplace and Inverse Laplace Transform,Laplace Transforms,evaluation;exponential;laplace-transform;sinusoid,4,application,numerical_tolerance,"For $f(t)=e^{-3t}\sin 4t$, evaluate $F(s)$ at $s=1$.",,,,,0.125,1%,Frequency shifting gives $F(s)=4/[(s+3)^2+16]$. At $s=1$: $4/(16+16)=0.125$.,Combines the sine pair with the $s\to s+a$ shift produced by the decaying exponential.,
Feedback and Control Systems,Laplace and Inverse Laplace Transform,Laplace Transforms,laplace-transform;linearity;polynomial,5,analysis,numerical_tolerance,"For $f(t)=(2+3t+4t^2)u(t)$, evaluate $F(s)$ at $s=2$.",,,,,2.75,1%,By linearity $F(s)=2/s+3/s^2+8/s^3$. At $s=2$: $1+0.75+1=2.75$.,"Tests linearity plus the correct factorial numerator on the $t^2$ term ($2!=2$, giving $8/s^3$).",
Feedback and Control Systems,Laplace and Inverse Laplace Transform,Laplace Transforms,exponential;laplace-transform;sinusoid,6,application,multiple_choice_single,Find $\mathcal{L}\{e^{-2t}\sin 3t\}$.,$3/[(s+2)^2+9]$,$3/[(s-2)^2+9]$,$(s+2)/[(s+2)^2+9]$,$3/(s^2+13)$,A,,,,
Feedback and Control Systems,Laplace and Inverse Laplace Transform,Laplace Transforms,laplace-transform;piecewise;unit-step,8,application,multiple_choice_single,A signal is $f(t)=0$ for $0\le t<2$ and $f(t)=t-2$ for $t\ge2$. What is $F(s)$?,$e^{-2s}/s$,$2e^{-2s}/s^2$,$e^{-2s}/s^2$,$1/(s+2)^2$,C,,,,
Feedback and Control Systems,Laplace and Inverse Laplace Transform,Laplace Transforms,existence;laplace-transform;region-of-convergence,10,analysis,multiple_choice_single,"For the unilateral Laplace transform of $f(t)=e^{2t}\cos 4t$, which condition on $s$ ensures convergence?",$\operatorname{Re}(s)>4$,$\operatorname{Re}(s)>2$,$\operatorname{Re}(s)<2$,$|s|>2$,B,,,,
Feedback and Control Systems,Laplace and Inverse Laplace Transform,Properties of Laplace Transforms,frequency-shifting;laplace-properties,1,recall,text_short,Name the property of the Laplace transform that states $\mathcal{L}\{e^{-at}f(t)\}=F(s+a)$.,,,,,frequency shifting|frequency shift|frequency-shifting|complex translation|s-shifting|shifting in s,,Multiplying a time signal by $e^{-at}$ translates its transform along the $s$-axis: $F(s)\to F(s+a)$.,Also called complex translation; it is the dual of the time-shifting property.,
Feedback and Control Systems,Laplace and Inverse Laplace Transform,Properties of Laplace Transforms,laplace-properties;linearity,2,recall,multiple_choice_single,"If $\mathcal{L}\{f(t)\}=F(s)$ and $\mathcal{L}\{g(t)\}=G(s)$, what is $\mathcal{L}\{3f(t)-2g(t)\}$?",$F(3s)-G(2s)$,$3F(s)G(s)-2$,$F(s-3)-G(s+2)$,$3F(s)-2G(s)$,D,,,,
Feedback and Control Systems,Laplace and Inverse Laplace Transform,Properties of Laplace Transforms,evaluation;frequency-shifting;laplace-properties,2,application,numerical_tolerance,A signal has $\mathcal{L}\{f(t)\}=1/(s+1)$. Evaluate $\mathcal{L}\{e^{-2t}f(t)\}$ at $s=0$.,,,,,0.333333333,1%,Frequency shifting: $\mathcal{L}\{e^{-2t}f(t)\}=F(s+2)=1/(s+3)$. At $s=0$: $1/3\approx0.3333$.,"The shift must be applied to the argument of $F$, not to the whole expression.",
Feedback and Control Systems,Laplace and Inverse Laplace Transform,Properties of Laplace Transforms,differentiation-in-time;initial-condition;laplace-properties,3,application,numerical_tolerance,"For $f(t)=4e^{-2t}u(t)$, evaluate $\mathcal{L}\{df/dt\}$ at $s=2$.",,,,,-2,0.001,"$F(s)=4/(s+2)$ and $f(0)=4$, so $\mathcal{L}\{f'\}=sF(s)-f(0)=4s/(s+2)-4=-8/(s+2)$. At $s=2$: $-8/4=-2$.",Omitting the $-f(0)$ term is the classic error; it would wrongly give $+2$.,
Feedback and Control Systems,Laplace and Inverse Laplace Transform,Properties of Laplace Transforms,laplace-properties;time-shift,4,comprehension,multiple_choice_single,Which transform corresponds to $f(t-a)u(t-a)$ for $a>0$?,$e^{-as}F(s)$,$F(s-a)$,$e^{as}F(s)$,$F(s)/a$,A,,,,
Feedback and Control Systems,Laplace and Inverse Laplace Transform,Properties of Laplace Transforms,initial-value-theorem;laplace-properties,4,comprehension,text_short,Which theorem allows $\lim_{t\to 0^+}f(t)$ to be found as $\lim_{s\to\infty}sF(s)$?,,,,,initial value theorem|initial-value theorem|the initial value theorem,,"The initial value theorem states $f(0^+)=\lim_{s\to\infty}sF(s)$, provided the limit exists.","Its counterpart, the final value theorem, uses $s\to 0$ instead of $s\to\infty$.",
Feedback and Control Systems,Laplace and Inverse Laplace Transform,Properties of Laplace Transforms,convolution;laplace-properties;time-domain,5,analysis,numerical_tolerance,"Let $h(t)=\int_0^t e^{-\tau}e^{-(t-\tau)}\,d\tau$. Find $h(1)$.",,,,,0.367879441,1%,"The integral is a convolution, so $H(s)=[1/(s+1)]^2$, giving $h(t)=te^{-t}$. Then $h(1)=e^{-1}\approx0.3679$.",Recognising convolution converts an awkward integral into a product of transforms.,
Feedback and Control Systems,Laplace and Inverse Laplace Transform,Properties of Laplace Transforms,differentiation-in-time;initial-value;laplace-properties,6,application,multiple_choice_single,"Given $f(0^-)=2$ and $\mathcal{L}\{f(t)\}=F(s)$, what is $\mathcal{L}\{df/dt\}$?",$sF(s)$,$F(s)/s-2$,$sF(s)-2$,$-dF(s)/ds$,C,,,,
Feedback and Control Systems,Laplace and Inverse Laplace Transform,Properties of Laplace Transforms,laplace-properties;multiplication-by-time,8,application,multiple_choice_single,"If $\mathcal{L}\{f(t)\}=F(s)$, which expression equals $\mathcal{L}\{t f(t)\}$?",$sF(s)$,$-dF(s)/ds$,$F(s)/s$,$dF(s)/ds$,B,,,,
Feedback and Control Systems,Laplace and Inverse Laplace Transform,Properties of Laplace Transforms,convolution;laplace-properties,10,analysis,multiple_choice_single,"If $h(t)=\int_0^t f(\tau)g(t-\tau)\,d\tau$, what is $H(s)$?",$F(s)+G(s)$,$F(s)/G(s)$,$F(s-1)G(s+1)$,$F(s)G(s)$,D,,,,
Feedback and Control Systems,Laplace and Inverse Laplace Transform,Inverse Laplace Transform,basic-pairs;inverse-laplace,1,recall,text_short,What is $\mathcal{L}^{-1}\{1/(s+5)\}$? Write the time function.,,,,,e^{-5t}|e^-5t|exp(-5t)|e^(-5t)|e^-5t u(t)|e^{-5t}u(t),,The pair $1/(s+a)\leftrightarrow e^{-at}u(t)$ gives $e^{-5t}u(t)$.,A pole at $s=-5$ corresponds to a mode decaying with time constant $0.2$ s.,
Feedback and Control Systems,Laplace and Inverse Laplace Transform,Inverse Laplace Transform,basic-pairs;inverse-laplace,2,recall,multiple_choice_single,What is $\mathcal{L}^{-1}\{1/(s+4)\}$?,$e^{-4t}$,$e^{4t}$,$4e^{-t}$,$t e^{-4t}$,A,,,,
Feedback and Control Systems,Laplace and Inverse Laplace Transform,Inverse Laplace Transform,evaluation;inverse-laplace;partial-fractions,2,application,numerical_tolerance,Let $f(t)=\mathcal{L}^{-1}\{6/[s(s+3)]\}$. Find $f(1)$.,,,,,1.900425863,1%,"$6/[s(s+3)]=2/s-2/(s+3)$, so $f(t)=2(1-e^{-3t})$. At $t=1$: $2(1-e^{-3})\approx1.9004$.",The residue at $s=0$ sets the final value 2; the pole at $-3$ sets the decay rate.,
Feedback and Control Systems,Laplace and Inverse Laplace Transform,Inverse Laplace Transform,inverse-laplace;repeated-poles,3,application,numerical_tolerance,Let $f(t)=\mathcal{L}^{-1}\{1/(s+2)^2\}$. Find $f(1)$.,,,,,0.135335283,1%,"The pair $1/(s+a)^2\leftrightarrow te^{-at}u(t)$ gives $f(t)=te^{-2t}$, so $f(1)=e^{-2}\approx0.1353$.",A repeated pole introduces the polynomial factor $t$ alongside the exponential.,
Feedback and Control Systems,Laplace and Inverse Laplace Transform,Inverse Laplace Transform,inverse-laplace;partial-fractions,4,application,multiple_choice_single,Find $\mathcal{L}^{-1}\{1/[s(s+2)]\}$.,$1-e^{-2t}$,$\tfrac12(1+e^{-2t})$,$\tfrac12(1-e^{-2t})$,$t e^{-2t}$,C,,,,
Feedback and Control Systems,Laplace and Inverse Laplace Transform,Inverse Laplace Transform,completing-square;complex-poles;inverse-laplace,4,analysis,numerical_tolerance,Let $f(t)=\mathcal{L}^{-1}\{(s+1)/[(s+1)^2+9]\}$. Find $f(1)$.,,,,,-0.364197886,1%,"The form $(s+a)/[(s+a)^2+\omega^2]$ inverts to $e^{-at}\cos\omega t$, so $f(t)=e^{-t}\cos 3t$ and $f(1)=e^{-1}\cos 3\approx-0.3642$.","The cosine argument is in radians; the answer is negative because $\cos 3\,\text{rad}<0$.",
Feedback and Control Systems,Laplace and Inverse Laplace Transform,Inverse Laplace Transform,inverse-laplace;partial-fractions;technique,5,analysis,text_short,Which algebraic technique is used to decompose a proper rational $F(s)$ into simple terms before inverting term by term?,,,,,partial fraction expansion|partial fractions|partial-fraction expansion|partial fraction decomposition|partial fraction,,A proper rational function is written as a sum of terms whose inverse transforms are standard pairs; the coefficients are the residues at the poles.,"If $F(s)$ is improper, polynomial division is performed first, producing impulse terms.",
Feedback and Control Systems,Laplace and Inverse Laplace Transform,Inverse Laplace Transform,inverse-laplace;repeated-poles,6,application,multiple_choice_single,What is $\mathcal{L}^{-1}\{1/(s+3)^2\}$?,$e^{-3t}$,$t e^{-3t}$,$t^2 e^{-3t}$,$3t e^{-t}$,B,,"We recognize the standard transform pair  
$$ \mathcal{L}\{t^n e^{-at}\} = \frac{n!}{(s+a)^{n+1}}, \quad n = 0,1,2,\dots $$

Here the given function is  
$$ \frac{1}{(s+3)^2} $$
Comparing with the standard form, we have $a = 3$ and $n+1 = 2$, so $n = 1$. Thus  
$$ \mathcal{L}\{t e^{-3t}\} = \frac{1!}{(s+3)^2} = \frac{1}{(s+3)^2} $$

Therefore the inverse Laplace transform is  
$$ \mathcal{L}^{-1}\left\{\frac{1}{(s+3)^2}\right\} = t e^{-3t} $$

The correct choice is **B. $t e^{-3t}$**.",,
Feedback and Control Systems,Laplace and Inverse Laplace Transform,Inverse Laplace Transform,completing-square;complex-poles;inverse-laplace,8,analysis,multiple_choice_single,Find $\mathcal{L}^{-1}\{(s+2)/[(s+2)^2+16]\}$.,$e^{-2t}\sin 4t$,$4e^{-2t}\cos 4t$,$e^{2t}\cos 4t$,$e^{-2t}\cos 4t$,D,,,,
Feedback and Control Systems,Laplace and Inverse Laplace Transform,Inverse Laplace Transform,improper-rational;inverse-laplace;partial-fractions,10,analysis,multiple_choice_single,What is $\mathcal{L}^{-1}\{(s^2+3s+5)/[s(s+1)]\}$?,$\delta(t)+5-3e^{-t}$,$\delta(t)+5-2e^{-t}$,$1+5e^{-t}$,$5-2e^{-t}$,A,,,,
Feedback and Control Systems,Introduction to Control Systems,Definition of a Control System,control-system;plant;terminology,1,recall,text_short,"In control terminology, what name is given to the physical system or process being controlled?",,,,,plant|process|plant or process|the plant,,The plant (or process) is the component whose output is to be regulated; the controller acts on it.,Distinguishing plant from controller is the first step in drawing any block diagram.,
Feedback and Control Systems,Introduction to Control Systems,Definition of a Control System,control-system;definition,2,recall,multiple_choice_single,Which statement best defines a control system?,A device that stores energy without changing system behavior,A network that converts every input into a constant output,An arrangement of components that manages or regulates a process to obtain a desired response,A mathematical equation with no physical implementation,C,,"A control system is formally defined as an arrangement of physical components (or a set of elements) that are interconnected to manage, command, direct, or regulate the behavior of a system so that a desired output or response is achieved.

Option C directly captures this definition: it describes a network of components acting together to manage or regulate a process toward a specific goal. The other choices are incorrect because a control system does not merely store energy (A), does not force every input to a constant output (B), and is not just a mathematical abstraction without physical realization (D).

Thus, the correct answer is **C. An arrangement of components that manages or regulates a process to obtain a desired response**.",,
Feedback and Control Systems,Introduction to Control Systems,Definition of a Control System,comparator;control-system;error-signal,2,comprehension,text_short,What name is given to the signal formed by the difference between the reference input and the feedback signal?,,,,,error signal|error|actuating error|actuating error signal|actuating signal,,"The comparator (summing junction) forms $e=r-b$, the actuating error signal that drives the controller.",In a unity-feedback system this error equals the tracking error $r-c$; otherwise it does not.,
Feedback and Control Systems,Introduction to Control Systems,Definition of a Control System,control-system;controlled-variable;steady-state-error,3,application,numerical_tolerance,"A thermostat is set to hold a room at $22\,^\circ$C, and the room temperature settles at $21.4\,^\circ$C. Find the magnitude of the steady-state error in $^\circ$C.",,,,,0.6,1%,"$|e_{ss}|=|22-21.4|=0.6\,^\circ$C.",Identifies the reference (22) and the controlled variable (21.4) before subtracting.,
Feedback and Control Systems,Introduction to Control Systems,Definition of a Control System,control-system;input;output,4,comprehension,multiple_choice_single,"In a temperature-control system, which quantity is normally regarded as the controlled variable?",The desired temperature setting,The measured room temperature,The heater power rating,The ambient weather forecast,B,,,,
Feedback and Control Systems,Introduction to Control Systems,Definition of a Control System,control-system;disturbance;external-input,4,analysis,text_short,"An unwanted external input, such as a wind gust acting on an aircraft being controlled, is given what general name?",,,,,disturbance|disturbance input|disturbance signal|external disturbance,,Any unwanted input that tends to drive the controlled variable away from its desired value is a disturbance.,Disturbance rejection is a distinct design goal from command tracking.,
Feedback and Control Systems,Introduction to Control Systems,Definition of a Control System,control-system;parameter-variation;robustness,5,evaluation,text_short,What single term describes a control system's ability to maintain acceptable performance despite plant parameter variations and modelling errors?,,,,,robustness|robust|robustness to uncertainty,,Robustness measures how much uncertainty the closed loop tolerates before specifications or stability are lost.,"Feedback improves robustness, which is a principal reason for closing the loop at all.",
Feedback and Control Systems,Introduction to Control Systems,Definition of a Control System,control-system;controlled-variable;reference,6,application,multiple_choice_single,A motor-speed controller is commanded to maintain 1200 r/min. What does 1200 r/min represent?,A disturbance,The control effort,The plant output sensor gain,The reference input,D,,"The commanded speed of 1200 r/min is the desired value that the control system should achieve and maintain.

**Step 1: Identify the role of the commanded value.**  
In a control system, the **reference input** (or setpoint) is the desired value of the controlled variable. Here, the motor speed is the variable to be controlled, and 1200 r/min is the target.

**Step 2: Compare with the other options.**  
- A **disturbance** is an unwanted signal that affects the output.  
- The **control effort** is the signal applied to the plant (e.g., voltage to the motor).  
- The **plant output sensor gain** scales the measured output for feedback.  
None of these describe the commanded 1200 r/min.

**Step 3: Conclusion.**  
Therefore, 1200 r/min is the **reference input**.

The correct answer is **D. The reference input**.",,
Feedback and Control Systems,Introduction to Control Systems,Definition of a Control System,control-system;controller;plant;sensor,8,analysis,multiple_choice_single,Which component directly converts the controller output into the physical behavior being regulated?,Plant or process,Reference generator,Comparator,Feedback sensor,A,,,,
Feedback and Control Systems,Introduction to Control Systems,Definition of a Control System,control-system;performance-objectives,10,evaluation,multiple_choice_single,Which design objective best captures the purpose of a practical control system?,Maximize controller complexity regardless of performance,Eliminate all sensors to reduce cost,Track desired commands and reject disturbances while maintaining acceptable stability and effort,Force the output to remain zero for every input,C,,,,
Feedback and Control Systems,Introduction to Control Systems,Open Loop vs Closed-Loop Control System,definition;open-loop,1,recall,text_short,Which type of control system takes no measurement of its own output?,,,,,open loop|open-loop|open loop system|open-loop system|open loop control system|open-loop control system,,"An open-loop system computes its control action from the reference alone, with no output measurement.",Without measurement there is no way to detect or correct an output deviation.,
Feedback and Control Systems,Introduction to Control Systems,Open Loop vs Closed-Loop Control System,closed-loop;feedback;open-loop,2,recall,multiple_choice_single,What distinguishes a closed-loop control system from an open-loop system?,It contains no plant,It uses feedback from the output,It has no input signal,It always operates manually,B,,,,
Feedback and Control Systems,Introduction to Control Systems,Open Loop vs Closed-Loop Control System,closed-loop;comparison;feedback-path,2,comprehension,text_short,Which functional element is present in a closed-loop system but absent in an open-loop system?,,,,,feedback|feedback path|feedback element|sensor|feedback sensor|the feedback path,,The closed-loop structure adds a measurement (sensor) and feedback path returning the output to the comparator.,The feedback path is what makes the control action depend on the actual output.,
Feedback and Control Systems,Introduction to Control Systems,Open Loop vs Closed-Loop Control System,closed-loop;gain-variation;sensitivity,3,application,numerical_tolerance,"A unity-feedback system has forward gain $G=100$. If $G$ increases by 10% to 110, find the resulting percentage increase in the closed-loop gain $T=G/(1+G)$.",,,,,0.09009009,0.005,"$T_1=100/101=0.990099$, $T_2=110/111=0.990991$. Percentage change $=(0.990991-0.990099)/0.990099\times100\approx0.0901\%$.",A 10% plant change produces roughly 0.09% closed-loop change: feedback desensitises the gain by about $1/(1+G)$.,
Feedback and Control Systems,Introduction to Control Systems,Open Loop vs Closed-Loop Control System,disturbance-rejection;open-loop,4,comprehension,multiple_choice_single,Why is an open-loop toaster generally unable to correct for unusually cold bread?,It has excessive feedback gain,Its reference input is always zero,Its plant has no dynamics,It does not measure the actual toast condition,D,,,,
Feedback and Control Systems,Introduction to Control Systems,Open Loop vs Closed-Loop Control System,closed-loop;disturbance-rejection;loop-gain,4,analysis,numerical_tolerance,"A disturbance entering the plant produces an output change $d_0$ when the loop is open. With the loop closed and loop gain $GH=49$, the disturbance effect is scaled by $1/(1+GH)$. Find that scaling factor.",,,,,0.02,0.001,Factor $=1/(1+49)=1/50=0.02$.,"Disturbance sensitivity falls in proportion to $1/(1+GH)$, which is why high loop gain aids rejection.",
Feedback and Control Systems,Introduction to Control Systems,Open Loop vs Closed-Loop Control System,feedback;stability;tradeoffs,5,evaluation,text_short,State the principal drawback that negative feedback can introduce into a system that was stable in open loop.,,,,,instability|possible instability|it can become unstable|loss of stability|reduced stability,,Raising loop gain moves closed-loop poles; poorly chosen gain or excess phase lag can push them into the right-half plane.,Feedback buys accuracy and robustness at the cost of a stability problem that must be verified.,
Feedback and Control Systems,Introduction to Control Systems,Open Loop vs Closed-Loop Control System,advantages;closed-loop;sensitivity,6,application,multiple_choice_single,Which change is most likely to improve disturbance rejection in a properly designed feedback system?,Increase loop gain over the relevant frequency range,Remove the feedback path,Set the reference input to zero,Replace the plant with a constant,A,,,,
Feedback and Control Systems,Introduction to Control Systems,Open Loop vs Closed-Loop Control System,feedback;stability;tradeoffs,8,analysis,multiple_choice_single,Which statement about negative feedback is generally correct?,It always eliminates steady-state error completely,It guarantees zero control effort,It can reduce sensitivity to parameter variations but may create instability if poorly designed,It makes plant dynamics irrelevant,C,,,,
Feedback and Control Systems,Introduction to Control Systems,Open Loop vs Closed-Loop Control System,closed-loop;open-loop;system-selection,10,evaluation,multiple_choice_single,Which application most strongly justifies closed-loop control?,A lamp switched on for a fixed time in a constant environment,A conveyor required to maintain speed despite changing load torque,A decorative sign operated by a fixed timer,A one-time fuse that opens during overcurrent,B,,,,
Feedback and Control Systems,Introduction to Control Systems,Mathematical Modelling 1 (Differential Equation to Transfer Function),differential-equation;transfer-function;zero-initial-conditions,1,recall,text_short,What assumption about initial conditions is made when a differential equation is converted into a transfer function?,,,,,zero|zero initial conditions|all zero|all initial conditions are zero|zero-initial conditions,,"Transforming with all initial conditions set to zero removes the initial-condition terms, leaving $Y(s)/U(s)$ as a ratio of polynomials.",The transfer function therefore describes the forced response only.,
Feedback and Control Systems,Introduction to Control Systems,Mathematical Modelling 1 (Differential Equation to Transfer Function),differential-equation;transfer-function;zero-initial-conditions,2,recall,multiple_choice_single,"When deriving a transfer function from a differential equation, what initial-condition assumption is used?",Only the input initial condition is zero,All initial conditions are unity,Initial conditions must be unknown,All initial conditions are zero,D,,,,
Feedback and Control Systems,Introduction to Control Systems,Mathematical Modelling 1 (Differential Equation to Transfer Function),dc-gain;differential-equation;first-order,2,application,numerical_tolerance,A system obeys $\dot y+5y=10u$. Find its DC gain $G(0)$.,,,,,2,0.001,"Transforming: $(s+5)Y=10U$, so $G(s)=10/(s+5)$ and $G(0)=10/5=2$.",The DC gain is the steady-state output per unit constant input.,
Feedback and Control Systems,Introduction to Control Systems,Mathematical Modelling 1 (Differential Equation to Transfer Function),dc-gain;differential-equation;normalisation;second-order,3,application,numerical_tolerance,A system obeys $2\ddot y+8\dot y+10y=6u$. Find its DC gain $G(0)$.,,,,,0.6,1%,"$G(s)=6/(2s^2+8s+10)$, so $G(0)=6/10=0.6$.",Setting $s=0$ keeps only the constant terms; the leading coefficient 2 is irrelevant at DC.,
Feedback and Control Systems,Introduction to Control Systems,Mathematical Modelling 1 (Differential Equation to Transfer Function),differential-equation;first-order;transfer-function,4,application,multiple_choice_single,"For $\dot y(t)+2y(t)=3u(t)$, what is $Y(s)/U(s)$ under zero initial conditions?",$3/(s+2)$,$(s+2)/3$,$3s/(s+2)$,$1/(3s+2)$,A,,,,
Feedback and Control Systems,Introduction to Control Systems,Mathematical Modelling 1 (Differential Equation to Transfer Function),differential-equation;input-derivative;transfer-function,4,analysis,numerical_tolerance,A system obeys $\ddot y+4\dot y+5y=2\dot u+3u$. Evaluate its transfer function at $s=1$.,,,,,0.5,1%,$G(s)=(2s+3)/(s^2+4s+5)$. At $s=1$: $5/10=0.5$.,Derivatives of the input become numerator powers of $s$; reversing numerator and denominator is the common slip.,
Feedback and Control Systems,Introduction to Control Systems,Mathematical Modelling 1 (Differential Equation to Transfer Function),differential-equation;order;proper-transfer-function,5,analysis,text_short,"For the model $3y'''+2y''+5y'+y=4u''+u$, state the order of the transfer function denominator.",,,,,3|three|third|third order|3rd,,"The highest output derivative is third order, so the denominator is $3s^3+2s^2+5s+1$, of order 3.","The numerator order 2 is less than 3, so the transfer function is strictly proper.",
Feedback and Control Systems,Introduction to Control Systems,Mathematical Modelling 1 (Differential Equation to Transfer Function),differential-equation;second-order;transfer-function,6,application,multiple_choice_single,"For $\ddot y+4\dot y+5y=2u$, determine $G(s)=Y(s)/U(s)$.",$(s^2+4s+5)/2$,$2s/(s^2+4s+5)$,$2/(s^2+4s+5)$,$2/(5s^2+4s+1)$,C,,"We take the Laplace transform of both sides of the differential equation, assuming zero initial conditions ($y(0)=0$, $\dot y(0)=0$):

$$
\mathcal{L}\{\ddot y\} = s^2 Y(s),\quad 
\mathcal{L}\{\dot y\} = s Y(s),\quad 
\mathcal{L}\{y\} = Y(s),\quad 
\mathcal{L}\{2u\} = 2 U(s).
$$

Substituting gives:

$$
s^2 Y(s) + 4 s Y(s) + 5 Y(s) = 2 U(s).
$$

Factor $Y(s)$ on the left:

$$
(s^2 + 4s + 5) Y(s) = 2 U(s).
$$

The transfer function is $G(s) = Y(s)/U(s)$. Dividing both sides by $U(s)$ and by $(s^2+4s+5)$ yields:

$$
G(s) = \frac{2}{s^2 + 4s + 5}.
$$

This matches choice **C**.",,
Feedback and Control Systems,Introduction to Control Systems,Mathematical Modelling 1 (Differential Equation to Transfer Function),differential-equation;input-derivative;transfer-function,8,analysis,multiple_choice_single,"For $\ddot y+4\dot y+5y=2\dot u+3u$, what is $Y(s)/U(s)$ under zero initial conditions?",$(2+3s)/(s^2+4s+5)$,$(2s+3)/(s^2+4s+5)$,$(s^2+4s+5)/(2s+3)$,$3/(s^2+6s+8)$,B,,,,
Feedback and Control Systems,Introduction to Control Systems,Mathematical Modelling 1 (Differential Equation to Transfer Function),differential-equation;order;proper-transfer-function,10,analysis,multiple_choice_single,A model satisfies $3\dddot y+2\ddot y+5\dot y+y=4\ddot u+u$. Which transfer function is correct?,$(4s+1)/(3s^2+2s+5)$,$(3s^3+2s^2+5s+1)/(4s^2+1)$,$4/(3s^3+2s^2+6s+1)$,$(4s^2+1)/(3s^3+2s^2+5s+1)$,D,,,,
Feedback and Control Systems,Introduction to Control Systems,Mathematical Modelling 2 (Impulse and Step Response to Transfer Function),definition;impulse-response;transfer-function,1,recall,text_short,The transfer function of an LTI system is the Laplace transform of which time-domain response?,,,,,impulse response|the impulse response|unit impulse response|h(t)|impulse response h(t),,"With zero initial conditions and $u(t)=\delta(t)$, $U(s)=1$, so $Y(s)=G(s)$; hence $G(s)=\mathcal{L}\{h(t)\}$.",This is why the impulse response fully characterises an LTI system.,
Feedback and Control Systems,Introduction to Control Systems,Mathematical Modelling 2 (Impulse and Step Response to Transfer Function),impulse-response;transfer-function,2,recall,multiple_choice_single,"For a causal LTI system with zero initial conditions, the transfer function is the Laplace transform of which signal?",Impulse response,Unit-step input,Tracking error,Control effort,A,,,,
Feedback and Control Systems,Introduction to Control Systems,Mathematical Modelling 2 (Impulse and Step Response to Transfer Function),dc-gain;first-order;impulse-response,2,application,numerical_tolerance,A system has impulse response $h(t)=5e^{-4t}u(t)$. Find its DC gain $G(0)$.,,,,,1.25,1%,"$G(s)=5/(s+4)$, so $G(0)=5/4=1.25$.","Equivalently, $G(0)=\int_0^\infty h(t)dt$, the area under the impulse response.",
Feedback and Control Systems,Introduction to Control Systems,Mathematical Modelling 2 (Impulse and Step Response to Transfer Function),evaluation;step-response;transfer-function,3,application,numerical_tolerance,A system has unit-step response $c(t)=3(1-e^{-2t})$ for $t\ge0$. Evaluate its transfer function at $s=1$.,,,,,2,0.001,"$C(s)=3/s-3/(s+2)=6/[s(s+2)]$. Since $R(s)=1/s$, $G(s)=6/(s+2)$. At $s=1$: $6/3=2$.",Dividing by $R(s)=1/s$ (not by 1) is the step that distinguishes step from impulse data.,
Feedback and Control Systems,Introduction to Control Systems,Mathematical Modelling 2 (Impulse and Step Response to Transfer Function),first-order;impulse-response;transfer-function,4,application,multiple_choice_single,A system has impulse response $h(t)=e^{-2t}u(t)$. What is $G(s)$?,$1/(s-2)$,$s/(s+2)$,$1/(s+2)$,$2/(s+1)$,C,,,,
Feedback and Control Systems,Introduction to Control Systems,Mathematical Modelling 2 (Impulse and Step Response to Transfer Function),partial-fractions;second-order;step-response,4,analysis,numerical_tolerance,A system has unit-step response $c(t)=1-2e^{-t}+e^{-2t}$ for $t\ge0$. Find its DC gain $G(0)$.,,,,,1,0.001,"$C(s)=1/s-2/(s+1)+1/(s+2)$; multiplying by $s$ gives $G(s)=2/[(s+1)(s+2)]$, so $G(0)=2/2=1$.","The final value of the step response equals the DC gain, confirming $G(0)=1$.",
Feedback and Control Systems,Introduction to Control Systems,Mathematical Modelling 2 (Impulse and Step Response to Transfer Function),impulse-response;transfer-function;two-modes,5,analysis,numerical_tolerance,A system has impulse response $h(t)=2e^{-t}-2e^{-3t}$ for $t\ge0$. Evaluate its transfer function at $s=1$.,,,,,0.5,1%,$G(s)=2/(s+1)-2/(s+3)=4/[(s+1)(s+3)]$. At $s=1$: $4/(2\cdot4)=0.5$.,Combining the two first-order terms reveals a second-order system with no finite zero.,
Feedback and Control Systems,Introduction to Control Systems,Mathematical Modelling 2 (Impulse and Step Response to Transfer Function),step-response;transfer-function,6,application,multiple_choice_single,A system has unit-step response $c(t)=1-e^{-3t}$ for $t\ge0$. What is $G(s)$?,$1/(s+3)$,$3/(s+3)$,$3/[s(s+3)]$,$s/(s+3)$,B,,,,
Feedback and Control Systems,Introduction to Control Systems,Mathematical Modelling 2 (Impulse and Step Response to Transfer Function),dc-gain;first-order;step-response,8,analysis,multiple_choice_single,A system has unit-step response $c(t)=2(1-e^{-4t})$. Which transfer function produces this response?,$2/(s+4)$,$8/[s(s+4)]$,$4/(s+2)$,$8/(s+4)$,D,,,,
Feedback and Control Systems,Introduction to Control Systems,Mathematical Modelling 2 (Impulse and Step Response to Transfer Function),partial-fractions;second-order;step-response,10,analysis,multiple_choice_single,A system has unit-step response $c(t)=1-2e^{-t}+e^{-2t}$. Determine $G(s)$.,$2/[(s+1)(s+2)]$,$1/[(s+1)(s+2)]$,$2/[s(s+1)(s+2)]$,$(s+2)/(s+1)$,A,,,,
Feedback and Control Systems,Introduction to Control Systems,"Transfer Function (Poles, Zeros, Gain, Pole-Zero Map)",definition;poles;transfer-function,1,recall,text_short,What name is given to the roots of the denominator polynomial of a transfer function?,,,,,poles|pole|the poles,,Denominator roots are the poles; they determine the natural modes and hence stability.,"Numerator roots are the zeros, which shape how strongly each mode is excited.",
Feedback and Control Systems,Introduction to Control Systems,"Transfer Function (Poles, Zeros, Gain, Pole-Zero Map)",poles;transfer-function;zeros,2,recall,multiple_choice_single,"For $G(s)=5(s+2)/[(s+1)(s+4)]$, which value is a zero?",$-4$,$-1$,$-2$,$5$,C,,,,
Feedback and Control Systems,Introduction to Control Systems,"Transfer Function (Poles, Zeros, Gain, Pole-Zero Map)",counting;transfer-function;zeros,2,comprehension,numerical_tolerance,"For $G(s)=5(s+2)(s+6)/[s(s+1)(s+4)(s+9)]$, find the number of finite zeros.",,,,,2,0,The numerator factors $(s+2)$ and $(s+6)$ give finite zeros at $-2$ and $-6$: two in total.,The gain 5 contributes no zero; the two extra zeros of this system lie at infinity.,
Feedback and Control Systems,Introduction to Control Systems,"Transfer Function (Poles, Zeros, Gain, Pole-Zero Map)",factoring;transfer-function;zero-location,3,application,numerical_tolerance,"For $G(s)=(2s+6)/(s^2+5s+6)$, find the location of the finite zero.",,,,,-3,0.001,"$2s+6=2(s+3)$, so the zero is at $s=-3$.","Note this zero coincides with a denominator root, so it cancels a pole in the reduced form.",
Feedback and Control Systems,Introduction to Control Systems,"Transfer Function (Poles, Zeros, Gain, Pole-Zero Map)",pole-location;pole-zero-map,4,comprehension,multiple_choice_single,A pole-zero map shows poles at $s=-2\pm j3$ and a zero at $s=-5$. How many poles does the system have?,One,Two,Three,Five,B,,,,
Feedback and Control Systems,Introduction to Control Systems,"Transfer Function (Poles, Zeros, Gain, Pole-Zero Map)",dc-gain;gain;pole-zero-form;transfer-function,4,analysis,numerical_tolerance,"A system has poles at $-1$ and $-4$, a single zero at $-2$, and DC gain $G(0)=2$. Writing $G(s)=K(s+2)/[(s+1)(s+4)]$, find $K$.",,,,,4,0.001,"$G(0)=K\cdot2/(1\cdot4)=K/2=2$, so $K=4$.",The gain $K$ is not the DC gain unless the pole and zero factors happen to cancel numerically.,
Feedback and Control Systems,Introduction to Control Systems,"Transfer Function (Poles, Zeros, Gain, Pole-Zero Map)",pole-excess;relative-degree;transfer-function,5,analysis,text_short,What term describes the difference between the number of poles and the number of finite zeros of a transfer function?,,,,,relative degree|pole excess|pole-zero excess|relative order|degree excess,,For $n$ poles and $m$ finite zeros the relative degree is $n-m$; it equals the number of zeros at infinity.,"Relative degree fixes the high-frequency roll-off, namely $-20(n-m)$ dB/decade.",
Feedback and Control Systems,Introduction to Control Systems,"Transfer Function (Poles, Zeros, Gain, Pole-Zero Map)",factored-form;gain;transfer-function,6,application,multiple_choice_single,Write $G(s)=(2s+6)/(s^2+5s+6)$ in pole-zero-gain form.,$(s+3)/[(s+2)(s+3)]$,$2(s+6)/[(s+2)(s+3)]$,$6(s+2)/[(s+1)(s+6)]$,$2(s+3)/[(s+2)(s+3)]$,D,,"We first factor the numerator and denominator.

The numerator is  
$$2s+6 = 2(s+3).$$

The denominator is  
$$s^2+5s+6 = (s+2)(s+3).$$

Putting them together gives  
$$G(s) = \frac{2(s+3)}{(s+2)(s+3)}.$$

This is already in pole-zero-gain form, with gain $2$, a zero at $s=-3$, a pole at $s=-2$, and a pole at $s=-3$ (which cancels the zero).

The correct choice is D.",,
Feedback and Control Systems,Introduction to Control Systems,"Transfer Function (Poles, Zeros, Gain, Pole-Zero Map)",dc-gain;poles;transfer-function;zeros,8,analysis,multiple_choice_single,"A system has poles at $-1$ and $-4$, one zero at $-2$, and DC gain $G(0)=2$. What is $G(s)$?",$4(s+2)/[(s+1)(s+4)]$,$2(s+2)/[(s+1)(s+4)]$,$(s+2)/[(s+1)(s+4)]$,$8(s+2)/[(s+1)(s+4)]$,A,,,,
Feedback and Control Systems,Introduction to Control Systems,"Transfer Function (Poles, Zeros, Gain, Pole-Zero Map)",analysis;hidden-modes;pole-zero-cancellation,10,evaluation,multiple_choice_single,Why can exact cancellation of an unstable plant pole by a controller zero be risky in practice?,It always increases the system type by two,It makes the closed-loop gain exactly zero,Small modeling errors can leave an unstable internal mode uncancelled,It converts every pole into a zero at the origin,C,,,,
Feedback and Control Systems,Modelling of Dynamic Systems,Electrical Networks,electrical-modeling;impedance;inductor,1,recall,text_short,"What is the Laplace-domain impedance of an inductor $L$, assuming zero initial current?",,,,,Ls|sL|L*s|s*L|Ls ohms|LS,,"From $v=L\,di/dt$ with zero initial current, $V(s)=LsI(s)$, so $Z(s)=Ls$.",The capacitor counterpart is $1/(Cs)$; inverting the two is the usual error.,
Feedback and Control Systems,Modelling of Dynamic Systems,Electrical Networks,capacitor;electrical-modeling;impedance,2,recall,multiple_choice_single,What is the Laplace-domain impedance of a capacitor $C$ under zero initial conditions?,$Cs$,$1/(Cs)$,$C/s$,$s/C$,B,,,,
Feedback and Control Systems,Modelling of Dynamic Systems,Electrical Networks,electrical-modeling;pole-location;rc-circuit,2,application,numerical_tolerance,"A series $RC$ circuit has $R=10\,\text{k}\Omega$ and $C=1\,\mu$F, with the output taken across the capacitor. Find the magnitude of the pole in rad/s.",,,,,100,0.001,"$V_o/V_i=1/(1+RCs)$, giving a pole at $s=-1/(RC)$. With $RC=10^4\times10^{-6}=0.01$ s, $|p|=100$ rad/s.",The pole magnitude is the reciprocal of the time constant $RC$.,
Feedback and Control Systems,Modelling of Dynamic Systems,Electrical Networks,electrical-modeling;rl-circuit;time-constant,3,application,numerical_tolerance,"A series $RL$ circuit has $R=4\,\Omega$ and $L=2$ H, with the output voltage taken across $R$. Find the time constant in seconds.",,,,,0.5,1%,"$V_R/V_i=R/(R+Ls)=1/(1+(L/R)s)$, so $\tau=L/R=2/4=0.5$ s.","For an $RL$ circuit the time constant is $L/R$, not $RL$ or $R/L$.",
Feedback and Control Systems,Modelling of Dynamic Systems,Electrical Networks,electrical-modeling;low-pass;rc-circuit,4,application,multiple_choice_single,"For a series $RC$ circuit with the output across the capacitor, what is $V_o(s)/V_i(s)$?",$RCs/(1+RCs)$,$1/(R+Cs)$,$(1+RCs)/(RCs)$,$1/(1+RCs)$,D,,,,
Feedback and Control Systems,Modelling of Dynamic Systems,Electrical Networks,damping-ratio;electrical-modeling;rlc-circuit,4,analysis,numerical_tolerance,"A series $RLC$ circuit has $R=6\,\Omega$, $L=1$ H, and $C=0.01$ F, with the output across the capacitor. Find the damping ratio $\zeta$.",,,,,0.3,1%,"$V_o/V_i=1/(LCs^2+RCs+1)=\omega_n^2/(s^2+2\zeta\omega_n s+\omega_n^2)$ with $\omega_n=1/\sqrt{LC}=10$ rad/s. Then $2\zeta\omega_n=R/L=6$, so $\zeta=6/20=0.3$.","Equivalently $\zeta=(R/2)\sqrt{C/L}=3\times0.1=0.3$, an underdamped circuit.",
Feedback and Control Systems,Modelling of Dynamic Systems,Electrical Networks,electrical-modeling;force-voltage-analogy,5,analysis,text_short,"In the force-voltage analogy between translational mechanical and electrical systems, which mechanical element corresponds to inductance?",,,,,mass|the mass|M|inertia,,"Comparing $M\ddot x+B\dot x+Kx=F$ with $L\ddot q+R\dot q+q/C=v$ pairs $M$ with $L$, $B$ with $R$, and $K$ with $1/C$.","In the alternative force-current analogy, mass instead corresponds to capacitance.",
Feedback and Control Systems,Modelling of Dynamic Systems,Electrical Networks,electrical-modeling;first-order;rl-circuit,6,application,multiple_choice_single,A series $RL$ circuit has input voltage $V_i$ and output voltage across $R$. What is $V_R(s)/V_i(s)$?,$R/(R+Ls)$,$Ls/(R+Ls)$,$1/(RLs)$,$(R+Ls)/R$,A,,,,
Feedback and Control Systems,Modelling of Dynamic Systems,Electrical Networks,electrical-modeling;rlc-circuit;second-order,8,analysis,multiple_choice_single,"For a series $RLC$ circuit with output across the capacitor, which transfer function is correct?",$LCs^2/(LCs^2+RCs+1)$,$RCs/(LCs^2+RCs+1)$,$1/(LCs^2+RCs+1)$,$1/(RCs^2+LCs+1)$,C,,,,
Feedback and Control Systems,Modelling of Dynamic Systems,Electrical Networks,electrical-modeling;loaded-rc-network;voltage-divider,10,analysis,multiple_choice_single,A resistor $R_1$ is in series with a branch consisting of $R_2$ in parallel with capacitor $C$. The output is the branch voltage. What is $V_o/V_i$?,$R_1/[R_1+R_2+sR_1R_2C]$,$R_2/[R_1+R_2+sR_1R_2C]$,$(1+sR_2C)/(R_1+R_2)$,$R_2/(R_1+R_2+sR_2C)$,B,,,,
Feedback and Control Systems,Modelling of Dynamic Systems,Translational Mechanical System (Spring-Mass-Damper System),constitutive-law;damper;mechanical-modeling,1,recall,text_short,"In a translational mechanical system, which element produces a force proportional to velocity?",,,,,damper|viscous damper|dashpot|the damper|friction,,"A viscous damper obeys $f=B\dot x$, so its force is proportional to velocity.",The spring force depends on displacement and the inertial force on acceleration.,
Feedback and Control Systems,Modelling of Dynamic Systems,Translational Mechanical System (Spring-Mass-Damper System),damper;mass;mechanical-modeling;spring,2,recall,multiple_choice_single,Which force relation corresponds to a viscous damper with damping coefficient B?,$F=Bx$,$F=B\ddot x$,$F=x/B$,$F=B\dot x$,D,,,,
Feedback and Control Systems,Modelling of Dynamic Systems,Translational Mechanical System (Spring-Mass-Damper System),mechanical-modeling;natural-frequency;spring-mass-damper,2,application,numerical_tolerance,"A spring-mass-damper system has $M=2$ kg, $B=8$ N$\cdot$s/m, and $K=32$ N/m. Find the undamped natural frequency $\omega_n$ in rad/s.",,,,,4,0.001,"$X/F=1/(Ms^2+Bs+K)$, so $\omega_n=\sqrt{K/M}=\sqrt{32/2}=4$ rad/s.",Dividing through by $M$ first prevents the common error $\omega_n=\sqrt{K}$.,
Feedback and Control Systems,Modelling of Dynamic Systems,Translational Mechanical System (Spring-Mass-Damper System),damping-ratio;mechanical-modeling;spring-mass-damper,3,application,numerical_tolerance,"For the same system with $M=2$ kg, $B=8$ N$\cdot$s/m, and $K=32$ N/m, find the damping ratio $\zeta$.",,,,,0.5,1%,"$2\zeta\omega_n=B/M=4$ with $\omega_n=4$, so $\zeta=4/8=0.5$. Equivalently $\zeta=B/(2\sqrt{KM})=8/16=0.5$.","The system is underdamped, so a step force produces an oscillatory approach to equilibrium.",
Feedback and Control Systems,Modelling of Dynamic Systems,Translational Mechanical System (Spring-Mass-Damper System),mechanical-modeling;spring-mass-damper;transfer-function,4,application,multiple_choice_single,"For $M\ddot x+B\dot x+Kx=F(t)$, what is $X(s)/F(s)$ under zero initial conditions?",$1/(Ms^2+Bs+K)$,$s/(Ms^2+Bs+K)$,$(Ms^2+Bs+K)^{-1}s^2$,$(Ms^2+Bs+K)$,A,,,,
Feedback and Control Systems,Modelling of Dynamic Systems,Translational Mechanical System (Spring-Mass-Damper System),dc-gain;mechanical-modeling;static-deflection,4,analysis,numerical_tolerance,A spring-mass-damper system with $K=250$ N/m is driven by a constant force of 50 N. Find the steady-state displacement in metres.,,,,,0.2,1%,"At steady state all derivatives vanish, so $Kx_{ss}=F$ and $x_{ss}=50/250=0.2$ m. Equivalently the DC gain is $1/K$.","Neither $M$ nor $B$ affects the final displacement, only how the system gets there.",
Feedback and Control Systems,Modelling of Dynamic Systems,Translational Mechanical System (Spring-Mass-Damper System),mechanical-modeling;spring;steady-state,5,analysis,text_short,"A constant force is applied to a spring-mass-damper system. At steady state, which single element determines the final displacement?",,,,,spring|the spring|stiffness|spring constant|K,,"With $\dot x=\ddot x=0$ the damper and mass forces vanish, leaving $Kx_{ss}=F$.","Mass and damping govern only the transient, which is why $M$ and $B$ drop out at steady state.",
Feedback and Control Systems,Modelling of Dynamic Systems,Translational Mechanical System (Spring-Mass-Damper System),mechanical-modeling;velocity-output,6,application,multiple_choice_single,"For the same mass-spring-damper system, what is the transfer function from force to velocity?",$1/(Ms^2+Bs+K)$,$s^2/(Ms^2+Bs+K)$,$s/(Ms^2+Bs+K)$,$(Bs+K)/(Ms^2+Bs+K)$,C,,"The transfer function from force $F$ to displacement $X$ for a mass-spring-damper system is  
$$ \frac{X(s)}{F(s)} = \frac{1}{Ms^2 + Bs + K} $$  
since the equation of motion is $M\ddot{x} + B\dot{x} + Kx = f$.

Velocity $v(t) = \dot{x}(t)$ has Laplace transform $V(s) = s X(s)$ (assuming zero initial conditions). Therefore,  

$$ V(s) = s X(s) = s \cdot \frac{1}{Ms^2 + Bs + K} F(s) $$

Thus the transfer function from force to velocity is  

$$ \frac{V(s)}{F(s)} = \frac{s}{Ms^2 + Bs + K} $$

The correct choice is C. $s/(Ms^2+Bs+K)$.",,
Feedback and Control Systems,Modelling of Dynamic Systems,Translational Mechanical System (Spring-Mass-Damper System),damping;mechanical-modeling;natural-frequency;poles,8,analysis,multiple_choice_single,"A system has $M=1$, $B=4$, and $K=13$. What are the poles of $X(s)/F(s)$?",$-4\pm j13$,$-2\pm j3$,$2\pm j3$,$-1\pm j\sqrt{12}$,B,,,,
Feedback and Control Systems,Modelling of Dynamic Systems,Translational Mechanical System (Spring-Mass-Damper System),base-excitation;mechanical-modeling;transfer-function,10,analysis,multiple_choice_single,A mass is connected to a moving base $y(t)$ through a spring $K$ and damper $B$ in parallel. What is $X(s)/Y(s)$?,$Ms^2/(Ms^2+Bs+K)$,$1/(Ms^2+Bs+K)$,$(Ms^2+K)/(Bs+K)$,$(Bs+K)/(Ms^2+Bs+K)$,D,,,,
Feedback and Control Systems,Block Diagram and Signal Flow Graph,Block Diagram Definitions and Operations,block-diagram;summing-point;terminology,1,recall,text_short,What name is given to the block-diagram element at which two or more signals are added algebraically?,,,,,summing point|summing junction|summer|adder|summing block|comparator,,A summing point performs signed algebraic addition of its incoming signals.,"Each incoming arrow carries its own sign, which is how negative feedback is represented.",
Feedback and Control Systems,Block Diagram and Signal Flow Graph,Block Diagram Definitions and Operations,block-diagram;summing-point,2,recall,multiple_choice_single,What does a summing point in a block diagram perform?,Algebraic addition of incoming signals,Multiplication of all incoming signals,Storage of the output,Differentiation of the reference signal,A,,,,
Feedback and Control Systems,Block Diagram and Signal Flow Graph,Block Diagram Definitions and Operations,block-diagram;takeoff-point;terminology,2,comprehension,text_short,What name is given to the block-diagram element from which one signal is distributed unchanged to several branches?,,,,,takeoff point|take-off point|take off point|branch point|pickoff point|pick-off point,,A takeoff point copies a single signal to multiple destinations without altering it.,"Because the signal is unchanged, a takeoff point never loads or scales the branch it comes from.",
Feedback and Control Systems,Block Diagram and Signal Flow Graph,Block Diagram Definitions and Operations,block-diagram;cascade-blocks;equivalent-gain,3,application,numerical_tolerance,Two blocks with gains 4 and 2.5 are connected in cascade. Find the equivalent gain.,,,,,10,0.001,Cascaded blocks multiply: $4\times2.5=10$.,Adding the gains (6.5) is the classic confusion with the parallel connection.,
Feedback and Control Systems,Block Diagram and Signal Flow Graph,Block Diagram Definitions and Operations,block-diagram;takeoff-point,4,comprehension,multiple_choice_single,What is the defining property of a takeoff point?,It adds two signals with signs,It changes a signal gain to unity,It sends identical copies of one signal to multiple paths,It closes a feedback loop,C,,,,
Feedback and Control Systems,Block Diagram and Signal Flow Graph,Block Diagram Definitions and Operations,block-diagram;equivalent-gain;parallel-blocks,4,application,numerical_tolerance,"Two blocks with gains 6 and $-2$ receive the same input, and their outputs are added at a summing point. Find the equivalent gain.",,,,,4,0.001,Parallel blocks add: $6+(-2)=4$.,"Multiplying the gains ($-12$) would describe a cascade, not a parallel path.",
Feedback and Control Systems,Block Diagram and Signal Flow Graph,Block Diagram Definitions and Operations,block-diagram;equivalence;moving-takeoff-point,5,analysis,numerical_tolerance,"A takeoff point is moved from after a block of gain 5 to before that block. To preserve the signal originally carried by the moved branch, a block must be inserted in that branch. Find the numerical gain of the inserted block.",,,,,5,0.001,"The branch previously carried $5x$ but now taps $x$, so a block of gain 5 must be inserted to restore $5x$.",Moving a takeoff point upstream requires inserting $G$; moving it downstream requires $1/G$.,
Feedback and Control Systems,Block Diagram and Signal Flow Graph,Block Diagram Definitions and Operations,block-diagram;moving-summing-point,6,application,multiple_choice_single,A summing point is moved from before a block $G(s)$ to after the block. How must an external signal entering that summing point be modified to preserve equivalence?,Divide it by $G(s)$,Multiply it by $G(s)$,Differentiate it,Change its sign only,B,,"When a summing point is located **before** a block $G(s)$, the external signal entering the summing point is not yet affected by $G(s)$. Moving the summing point **after** $G(s)$ means that the external signal now bypasses the block's action on the main path.

To preserve the overall transfer function, the external signal must be adjusted so that after it enters the system it produces the same effect as before. Since the main path signal is multiplied by $G(s)$ as it passes through the block, the external signal, which previously entered before that multiplication, must now be multiplied by $G(s)$ as well to match the equivalent contribution at the output junction.

Therefore, the external signal must be **multiplied by $G(s)$**.

The correct choice is **B. Multiply it by $G(s)$**.",,
Feedback and Control Systems,Block Diagram and Signal Flow Graph,Block Diagram Definitions and Operations,block-diagram;moving-takeoff-point,8,analysis,multiple_choice_single,A takeoff point is moved from after a block $G(s)$ to before the block. What block must be inserted in the moved branch to preserve the original branch signal?,$1/G(s)$,$1+G(s)$,$-G(s)$,$G(s)$,D,,,,
Feedback and Control Systems,Block Diagram and Signal Flow Graph,Block Diagram Definitions and Operations,block-diagram;feedback-sign;interpretation,10,evaluation,multiple_choice_single,A feedback signal enters a summing junction with a plus sign instead of a minus sign. What is the most important consequence?,The loop becomes positive feedback and can reduce stability,The loop gain becomes identically zero,The plant order is reduced by one,The output becomes independent of the reference,A,,,,
Feedback and Control Systems,Block Diagram and Signal Flow Graph,Block Diagram to Transfer Function,block-diagram;loop-gain;terminology,1,recall,text_short,"For a single negative-feedback loop with forward path $G(s)$ and feedback path $H(s)$, what name is given to the product $G(s)H(s)$?",,,,,loop gain|open loop gain|open-loop gain|loop transfer function|open-loop transfer function,,$G(s)H(s)$ is the gain around the loop and appears in the closed-loop denominator $1+GH$.,"Setting $1+GH=0$ gives the characteristic equation, so the loop gain determines stability.",
Feedback and Control Systems,Block Diagram and Signal Flow Graph,Block Diagram to Transfer Function,block-diagram;cascade-blocks,2,application,numerical_tolerance,Two blocks with gains 2 and 3 are connected in cascade. Find the equivalent gain.,,,,,6,0,,,
Feedback and Control Systems,Block Diagram and Signal Flow Graph,Block Diagram to Transfer Function,block-diagram;closed-loop-gain;negative-feedback,2,application,numerical_tolerance,A negative-feedback loop has constant gains $G=10$ and $H=1$. Find the closed-loop gain $C/R$.,,,,,0.909090909,1%,$C/R=G/(1+GH)=10/(1+10)=0.9091$.,"The closed-loop gain is slightly below 1, showing the accuracy limit of finite loop gain.",
Feedback and Control Systems,Block Diagram and Signal Flow Graph,Block Diagram to Transfer Function,block-diagram;feedback-gain;negative-feedback,3,application,numerical_tolerance,A negative-feedback loop has constant gains $G=20$ and $H=0.25$. Find the closed-loop gain $C/R$.,,,,,3.333333333,1%,$C/R=20/(1+20\times0.25)=20/6=3.3333$.,"For large $GH$ the closed-loop gain tends to $1/H=4$, and 3.33 is approaching that limit.",
Feedback and Control Systems,Block Diagram and Signal Flow Graph,Block Diagram to Transfer Function,block-diagram;parallel-blocks,4,application,multiple_choice_single,Two forward-path blocks $G_1$ and $G_2$ receive the same input and their outputs are added. What is the equivalent block?,$G_1G_2$,$G_1/(1+G_2)$,$G_1+G_2$,$G_1-G_2$,C,,,,
Feedback and Control Systems,Block Diagram and Signal Flow Graph,Block Diagram to Transfer Function,block-diagram;inner-loop;reduction,4,analysis,numerical_tolerance,A forward path contains $G_1=4$ followed by $G_2=5$. A negative feedback path $H=0.2$ surrounds only $G_2$. Find the equivalent gain from the input of $G_1$ to the output.,,,,,10,0.001,Reduce the inner loop first: $G_2'=5/(1+5\times0.2)=2.5$. Then cascade: $4\times2.5=10$.,Inner loops must be collapsed before the outer cascade is multiplied out.,
Feedback and Control Systems,Block Diagram and Signal Flow Graph,Block Diagram to Transfer Function,block-diagram;closed-loop-gain;positive-feedback,5,analysis,numerical_tolerance,"A loop has constant gains $G=8$ and $H=0.1$, with the feedback signal entering the summing junction with a positive sign. Find the closed-loop gain $C/R$.",,,,,40,0.001,For positive feedback $C/R=G/(1-GH)=8/(1-0.8)=8/0.2=40$.,"Positive feedback amplifies the gain and drives it to infinity as $GH\to1$, unlike negative feedback.",
Feedback and Control Systems,Block Diagram and Signal Flow Graph,Block Diagram to Transfer Function,block-diagram;closed-loop-transfer;negative-feedback,6,application,multiple_choice_single,"For a negative-feedback loop with $G(s)=10/(s+2)$ and $H(s)=1$, what is $C(s)/R(s)$?",$10/(s+2)$,$10/(s+12)$,$10/(s-8)$,$(s+2)/(s+12)$,B,,,,
Feedback and Control Systems,Block Diagram and Signal Flow Graph,Block Diagram to Transfer Function,block-diagram;inner-loop;reduction,8,analysis,numerical_tolerance,A forward path contains $G_1=2$ followed by $G_2=3$. A negative inner feedback loop with $H=0.5$ surrounds only $G_2$. Find the equivalent forward gain from the input of $G_1$ to the output.,,,,,2.4,1%,,,
Feedback and Control Systems,Block Diagram and Signal Flow Graph,Block Diagram to Transfer Function,block-diagram;multiple-feedback-loops;reduction,10,analysis,numerical_tolerance,"A system has forward blocks $G_1=2$ and $G_2=4$ in cascade. A negative feedback $H_1=0.5$ surrounds $G_2$, and a negative feedback $H_2=0.25$ surrounds the entire cascade. Find the closed-loop gain.",,,,,1.6,1%,,,
Feedback and Control Systems,Block Diagram and Signal Flow Graph,Signal Flow Graph Definitions,node;signal-flow-graph;terminology,1,recall,text_short,"In a signal flow graph, what name is given to the point that represents a system variable?",,,,,node|a node|nodes,,Each node stands for one signal or variable; branches carry weighted contributions between nodes.,The value at a node is the sum of all incoming branch contributions.,
Feedback and Control Systems,Block Diagram and Signal Flow Graph,Signal Flow Graph Definitions,node;signal-flow-graph,2,recall,multiple_choice_single,"In a signal flow graph, what does a node represent?",Only a physical component,The product of all loop gains,A transfer-function denominator,A system variable or signal,D,,,,
Feedback and Control Systems,Block Diagram and Signal Flow Graph,Signal Flow Graph Definitions,classification;signal-flow-graph;source-node,2,comprehension,text_short,What name is given to a node that has only outgoing branches?,,,,,source node|source|input node|input|source (input) node,,A node with outgoing branches only is a source (input) node; one with only incoming branches is a sink (output) node.,"Sources correspond to independent inputs, which is why nothing feeds into them.",
Feedback and Control Systems,Block Diagram and Signal Flow Graph,Signal Flow Graph Definitions,loop-gain;product;signal-flow-graph,3,application,numerical_tolerance,"A loop in a signal flow graph is formed by branches with gains 4, $-0.25$, and 6. Find the loop gain.",,,,,-6,0.001,The loop gain is the product of its branch gains: $4\times(-0.25)\times6=-6$.,"Loop gains multiply, so a single negative branch makes the whole loop gain negative.",
Feedback and Control Systems,Block Diagram and Signal Flow Graph,Signal Flow Graph Definitions,branch-gain;signal-flow-graph,4,comprehension,multiple_choice_single,A directed branch from node $x_1$ to node $x_2$ has transmittance $a$. What contribution does this branch make to $x_2$?,$ax_1$,$x_1/a$,$a+x_1$,$x_1-a$,A,,,,
Feedback and Control Systems,Block Diagram and Signal Flow Graph,Signal Flow Graph Definitions,determinant;non-touching-loops;signal-flow-graph,4,analysis,numerical_tolerance,"A signal flow graph has three loops with gains $L_1=-0.5$, $L_2=-0.4$, and $L_3=-0.2$. Loops $L_1$ and $L_3$ are non-touching; every other pair of loops touches. Compute the graph determinant $\Delta$.",,,,,2.2,1%,$\Delta=1-\sum L_i+\sum(\text{non-touching pairs})=1-(-1.1)+(-0.5)(-0.2)=1+1.1+0.1=2.2$.,Only the single non-touching pair contributes a second-order term; touching pairs are excluded.,
Feedback and Control Systems,Block Diagram and Signal Flow Graph,Signal Flow Graph Definitions,definition;non-touching-loops;signal-flow-graph,5,analysis,text_short,Two loops in a signal flow graph share no common node. What term describes them?,,,,,non-touching|non-touching loops|nontouching|nontouching loops|non touching loops,,"Loops with no node in common are non-touching, and their gain products appear in the higher-order terms of $\Delta$.","Sharing even one node makes loops touching, so their product is omitted from $\Delta$.",
Feedback and Control Systems,Block Diagram and Signal Flow Graph,Signal Flow Graph Definitions,forward-path;signal-flow-graph,6,application,multiple_choice_single,Which description defines a forward path?,Any closed path that begins and ends at the same node,A path containing only unity-gain branches,A path from input to output that does not pass through any node more than once,A pair of loops sharing no nodes,C,,,,
Feedback and Control Systems,Block Diagram and Signal Flow Graph,Signal Flow Graph Definitions,loop;loop-gain;signal-flow-graph,8,analysis,multiple_choice_single,"A loop contains branch gains $2$, $-0.5$, and $3$. What is the loop gain?",$3$,$-3$,$4.5$,$-0.5$,B,,,,
Feedback and Control Systems,Block Diagram and Signal Flow Graph,Signal Flow Graph Definitions,non-touching-loops;signal-flow-graph,10,analysis,multiple_choice_single,When are two loops classified as non-touching?,When their gains have opposite signs,When they have equal gains,When they both touch the forward path,When they share no node,D,,,,
Feedback and Control Systems,Block Diagram and Signal Flow Graph,Mason's Gain Rule,determinant;mason-gain-formula;terminology,1,recall,text_short,"In Mason's gain formula, what name is given to the quantity $\Delta$?",,,,,determinant|graph determinant|delta|the graph determinant|signal flow graph determinant,,"$\Delta$ is the graph determinant, $1-\sum L_i+\sum L_iL_j-\dots$, and forms the denominator of the overall gain.",It plays the role of $1+GH$ in ordinary block-diagram reduction.,
Feedback and Control Systems,Block Diagram and Signal Flow Graph,Mason's Gain Rule,delta;mason-gain-formula,2,recall,multiple_choice_single,"In Mason\'s gain formula, what is the first term of $\Delta$?",$1$,The sum of forward-path gains,The product of all branch gains,$-1$,A,,,,
Feedback and Control Systems,Block Diagram and Signal Flow Graph,Mason's Gain Rule,mason-gain-formula;overall-gain;single-loop,2,application,numerical_tolerance,A signal flow graph has one forward path of gain 6 and a single loop of gain $-0.2$ that touches the path. Find the overall transfer gain.,,,,,5,0.001,"$\Delta=1-(-0.2)=1.2$, and $\Delta_1=1$ since the loop touches the path, so $T=6/1.2=5$.","Because the loop touches the path, its gain is removed from the path cofactor $\Delta_1$.",
Feedback and Control Systems,Block Diagram and Signal Flow Graph,Mason's Gain Rule,definition;mason-gain-formula;path-cofactor,3,comprehension,text_short,"In Mason's gain formula, what name is given to the quantity obtained from $\Delta$ by deleting all terms involving loops that touch the $k$-th forward path?",,,,,path cofactor|cofactor|delta k|path factor|cofactor of the path,,$\Delta_k$ is the path cofactor: it is $\Delta$ evaluated for the subgraph of loops that do not touch path $k$.,If every loop touches the path then $\Delta_k=1$.,
Feedback and Control Systems,Block Diagram and Signal Flow Graph,Mason's Gain Rule,mason-gain-formula;single-loop,4,application,multiple_choice_single,A graph has one forward path of gain $P=4$ and one loop of gain $L=-0.5$ touching the path. What is the overall gain?,$4/(1+L)=8$,$4(1-L)=6$,$4/(1-L)=8/3$,$P+L=3.5$,C,,,,
Feedback and Control Systems,Block Diagram and Signal Flow Graph,Mason's Gain Rule,mason-gain-formula;non-touching-loops;overall-gain,4,analysis,numerical_tolerance,"A signal flow graph has one forward path of gain 10. It has two loops of gains $-0.5$ and $-0.25$ that are non-touching with each other, and both touch the forward path. Find the overall transfer gain.",,,,,5.333333333,1%,$\Delta=1-(-0.5-0.25)+(-0.5)(-0.25)=1+0.75+0.125=1.875$; $\Delta_1=1$. Hence $T=10/1.875=5.3333$.,"The non-touching pair adds the $+0.125$ term, which ignoring it would wrongly give $T=5.714$.",
Feedback and Control Systems,Block Diagram and Signal Flow Graph,Mason's Gain Rule,cofactors;mason-gain-formula;multiple-paths,5,analysis,numerical_tolerance,A signal flow graph has two forward paths with gains $P_1=4$ and $P_2=6$. A single loop of gain $-0.5$ touches $P_1$ but does not touch $P_2$. Find the overall transfer gain.,,,,,8.666666667,1%,$\Delta=1-(-0.5)=1.5$. $\Delta_1=1$ (loop touches $P_1$) and $\Delta_2=1.5$ (loop does not touch $P_2$). Then $T=(4\cdot1+6\cdot1.5)/1.5=13/1.5=8.6667$.,Each path carries its own cofactor; using $\Delta_2=1$ for both paths is the usual mistake.,
Feedback and Control Systems,Block Diagram and Signal Flow Graph,Mason's Gain Rule,delta;mason-gain-formula;non-touching-loops,6,application,multiple_choice_single,A graph has two non-touching loops with gains $L_1=-0.2$ and $L_2=-0.3$. What is $\Delta$?,$1.50$,$1.56$,$0.56$,$0.44$,B,,,,
Feedback and Control Systems,Block Diagram and Signal Flow Graph,Mason's Gain Rule,mason-gain-formula;path-cofactor,8,analysis,numerical_tolerance,"A signal flow graph has one forward path with gain 6. It has two non-touching loops of gains -0.2 and -0.3, and both loops touch the forward path. Find the overall transfer gain.",,,,,3.846153846,1%,,,
Feedback and Control Systems,Block Diagram and Signal Flow Graph,Mason's Gain Rule,cofactors;mason-gain-formula;multiple-paths,10,analysis,multiple_choice_single,A graph has forward paths $P_1=2$ and $P_2=3$. A loop of gain $L=-0.5$ touches $P_1$ but does not touch $P_2$. What is the overall gain?,$(2(1.5)+3)/1.5$,$(2+3)/0.5$,$(2-3)/1.5$,$(2+3(1.5))/1.5$,D,,,,
Feedback and Control Systems,Block Diagram and Signal Flow Graph,Signal Flow Graph to Transfer Function,signal-flow-graph;single-loop;transfer-gain,1,application,numerical_tolerance,A signal flow graph has a forward path of gain 12 and one feedback loop of gain $-0.2$ touching that path. Find the overall transfer gain.,,,,,10,0.001,$T=P/\Delta=12/[1-(-0.2)]=12/1.2=10$.,This is the signal-flow-graph version of $G/(1+GH)$.,
Feedback and Control Systems,Block Diagram and Signal Flow Graph,Signal Flow Graph to Transfer Function,signal-flow-graph;system-equations,2,comprehension,multiple_choice_single,"For the equation $x_2=3x_1-0.5x_2$, which branches enter node $x_2$?",$x_1\to x_2$ with gain 3 and $x_2\to x_2$ with gain $-0.5$,$x_2\to x_1$ with gain 3 only,$x_1\to x_2$ with gain $-0.5$ only,$x_1\to x_2$ with gain 2.5,A,,,,
Feedback and Control Systems,Block Diagram and Signal Flow Graph,Signal Flow Graph to Transfer Function,parallel-forward-paths;signal-flow-graph,2,application,numerical_tolerance,"A signal flow graph has two forward paths from input to output with gains 3 and $-0.5$, and no loops. Find the overall transfer gain.",,,,,2.5,1%,"With no loops $\Delta=\Delta_1=\Delta_2=1$, so $T=3+(-0.5)=2.5$.",Forward paths add; only loops introduce a denominator.,
Feedback and Control Systems,Block Diagram and Signal Flow Graph,Signal Flow Graph to Transfer Function,self-loop;signal-flow-graph;system-equations,3,application,text_short,"A system equation is $x_3=4x_2-0.5x_3$. In the corresponding signal flow graph, what is the gain of the self-loop at node $x_3$?",,,,,-0.5|-1/2|minus 0.5|-.5,,"The term $-0.5x_3$ on the right-hand side is a branch from $x_3$ back to itself, so the self-loop gain is $-0.5$.",Dropping the sign is the common error; the self-loop is what generates the $1+0.5$ denominator.,
Feedback and Control Systems,Block Diagram and Signal Flow Graph,Signal Flow Graph to Transfer Function,signal-flow-graph;single-feedback-loop,4,application,numerical_tolerance,A signal flow graph has a forward path gain of 5 and a feedback loop gain of -0.25. Find the overall transfer gain.,,,,,4,0.02,,,
Feedback and Control Systems,Block Diagram and Signal Flow Graph,Signal Flow Graph to Transfer Function,dc-gain;dynamic-loop;signal-flow-graph,4,analysis,numerical_tolerance,A signal flow graph represents a single negative-feedback loop with forward branch $G(s)=5/(s+1)$ and feedback branch $H=2$. Find the DC gain of the overall transfer function.,,,,,0.454545455,1%,$T(s)=G/(1+GH)=[5/(s+1)]/[1+10/(s+1)]=5/(s+11)$. At $s=0$: $5/11=0.4545$.,Clearing the denominator before setting $s=0$ avoids mishandling the nested fraction.,
Feedback and Control Systems,Block Diagram and Signal Flow Graph,Signal Flow Graph to Transfer Function,cofactors;mason;multiple-paths;signal-flow-graph,5,analysis,numerical_tolerance,"A signal flow graph has forward paths $P_1=5$ and $P_2=2$. Loop $L_1=-0.4$ touches both paths, and loop $L_2=-0.5$ touches only $P_1$. The two loops touch each other. Find the overall transfer gain.",,,,,4.210526316,1%,"$\Delta=1-(-0.4-0.5)=1.9$ (no non-touching pair). $\Delta_1=1$; for $P_2$ only $L_2$ is non-touching, so $\Delta_2=1-(-0.5)=1.5$. Then $T=(5+3)/1.9=8/1.9=4.2105$.","Because the loops touch each other, $\Delta$ has no second-order term even though $L_2$ misses $P_2$.",
Feedback and Control Systems,Block Diagram and Signal Flow Graph,Signal Flow Graph to Transfer Function,parallel-forward-paths;signal-flow-graph,6,application,multiple_choice_single,"Two noninteracting forward paths from input to output have gains $2$ and $-0.5$, with no loops. What is the total transfer gain?",$-1$,$-0.5$,$1.5$,$2.5$,C,,,,
Feedback and Control Systems,Block Diagram and Signal Flow Graph,Signal Flow Graph to Transfer Function,mason;multiple-loops;signal-flow-graph,8,analysis,numerical_tolerance,"A graph has one forward path of gain 8 and two touching loops with gains -0.2 and -0.3. The loops touch each other, so they are not non-touching. Both touch the forward path. Find the overall transfer gain.",,,,,5.333333333,1%,,,
Feedback and Control Systems,Block Diagram and Signal Flow Graph,Signal Flow Graph to Transfer Function,multiple-paths;path-cofactor;signal-flow-graph,10,analysis,numerical_tolerance,A graph has forward paths $P_1=2$ and $P_2=3$. A loop with gain -0.5 touches $P_1$ but not $P_2$. Find the overall transfer gain using Mason's gain formula.,,,,,4.333333333,1%,,,
Feedback and Control Systems,Time Response Analysis,Transient Analysis of First Order Systems,first-order-system;terminology;time-constant,1,recall,text_short,"For $G(s)=K/(\tau s+1)$, what is the parameter $\tau$ called?",,,,,time constant|the time constant|time-constant,,$\tau$ is the time constant; the pole lies at $s=-1/\tau$ and sets the speed of the exponential response.,$K$ fixes the final value while $\tau$ fixes how quickly that value is reached.,
Feedback and Control Systems,Time Response Analysis,Transient Analysis of First Order Systems,first-order-system;time-constant,2,recall,multiple_choice_single,"For $G(s)=K/(\tau s+1)$, what parameter determines the response speed?",Steady-state gain $K$ only,Time constant $\tau$,Input amplitude only,Number of zeros,B,,,,
Feedback and Control Systems,Time Response Analysis,Transient Analysis of First Order Systems,first-order-system;step-response;time-constant,2,application,numerical_tolerance,A first-order system has unit-step response $c(t)=5(1-e^{-t/0.4})$. Find its time constant in seconds.,,,,,0.4,1%,Comparing with $c(t)=K(1-e^{-t/\tau})$ gives $\tau=0.4$ s (and $K=5$).,The exponent's denominator is the time constant; the amplitude 5 is unrelated to it.,
Feedback and Control Systems,Time Response Analysis,Transient Analysis of First Order Systems,dc-gain;first-order-system;standard-form,3,application,numerical_tolerance,A first-order system has $G(s)=10/(2s+5)$. Find its DC gain.,,,,,2,0.001,"$G(0)=10/5=2$. In standard form $G(s)=2/(0.4s+1)$, showing $K=2$ and $\tau=0.4$ s.",Normalising the constant term to 1 separates the gain from the time constant.,
Feedback and Control Systems,Time Response Analysis,Transient Analysis of First Order Systems,first-order-system;step-response;time-constant,4,application,numerical_tolerance,A first-order system has unit-step response $c(t)=1-e^{-t/2}$. Find its time constant in seconds.,,,,,2,0.01,,,
Feedback and Control Systems,Time Response Analysis,Transient Analysis of First Order Systems,first-order-system;rise-time;ten-to-ninety,4,application,numerical_tolerance,"A first-order system has a time constant of $0.5$ s. Using the 10%-to-90% definition, estimate its rise time in seconds.",,,,,1.1,1%,For a first-order step response $T_r=\tau\ln 9\approx2.2\tau=2.2\times0.5=1.1$ s.,"The 10-90% rise time is about $2.2\tau$, whereas the 2% settling time is about $4\tau$.",
Feedback and Control Systems,Time Response Analysis,Transient Analysis of First Order Systems,first-order-system;parameter-identification;step-response,5,analysis,numerical_tolerance,A first-order system with unity DC gain reaches $0.9$ of its final value at $t=1.5$ s in response to a unit step. Estimate the time constant in seconds.,,,,,0.651441723,0.01,"$1-e^{-1.5/\tau}=0.9\Rightarrow e^{-1.5/\tau}=0.1\Rightarrow 1.5/\tau=\ln10$, so $\tau=1.5/2.3026\approx0.6515$ s.",Identification runs the step-response formula backwards; a natural log is unavoidable here.,
Feedback and Control Systems,Time Response Analysis,Transient Analysis of First Order Systems,63-percent;first-order-system;step-response,6,comprehension,multiple_choice_single,"At $t=\tau$, a first-order unit-step response has reached approximately what percentage of its final value?",36.8%,50.0%,86.5%,63.2%,D,,,,
Feedback and Control Systems,Time Response Analysis,Transient Analysis of First Order Systems,first-order-system;settling-time;two-percent,8,application,numerical_tolerance,"A first-order system has time constant $0.75$ s. Using the 2% criterion, estimate the settling time in seconds.",,,,,3,0.015,,,
Feedback and Control Systems,Time Response Analysis,Transient Analysis of First Order Systems,first-order-system;parameter-identification;step-response,10,analysis,numerical_tolerance,A first-order system subjected to a unit step reaches $0.8$ at $t=2$ s and has final value 1. Estimate the time constant in seconds.,,,,,1.242669869,1%,,,
Feedback and Control Systems,Time Response Analysis,Transient Analysis of Second Order Systems,damping-ratio;second-order-system;terminology,1,recall,text_short,"In the standard second-order denominator $s^2+2\zeta\omega_n s+\omega_n^2$, what is $\zeta$ called?",,,,,damping ratio|the damping ratio|damping factor|damping-ratio,,$\zeta$ is the dimensionless damping ratio; $\omega_n$ is the undamped natural frequency.,"The value of $\zeta$ alone decides whether the response is under-, critically, or overdamped.",
Feedback and Control Systems,Time Response Analysis,Transient Analysis of Second Order Systems,second-order-system;standard-form,2,recall,multiple_choice_single,Which denominator is the standard second-order form?,$s^2+2\zeta\omega_n s+\omega_n^2$,$s^2+\zeta s+\omega_n$,$s+2\zeta\omega_n$,$s^2+\omega_n s+2\zeta$,A,,,,
Feedback and Control Systems,Time Response Analysis,Transient Analysis of Second Order Systems,damping-classification;second-order-system,2,comprehension,text_short,How is a second-order system classified when its damping ratio satisfies $\zeta>1$?,,,,,overdamped|over damped|over-damped,,"For $\zeta>1$ the two poles are real, distinct, and negative, giving a non-oscillatory response.",$\zeta=1$ is critically damped and $0<\zeta<1$ is underdamped.,
Feedback and Control Systems,Time Response Analysis,Transient Analysis of Second Order Systems,coefficient-matching;natural-frequency;second-order-system,3,application,numerical_tolerance,A second-order system has denominator $s^2+10s+16$. Find the undamped natural frequency $\omega_n$ in rad/s.,,,,,4,0.001,"$\omega_n^2=16$, so $\omega_n=4$ rad/s.",The constant term gives $\omega_n^2$ directly; the middle coefficient is not needed here.,
Feedback and Control Systems,Time Response Analysis,Transient Analysis of Second Order Systems,damping-classification;second-order-system,4,comprehension,multiple_choice_single,How is a second-order system classified when $\zeta=1$?,Underdamped,Overdamped,Critically damped,Undamped,C,,,,
Feedback and Control Systems,Time Response Analysis,Transient Analysis of Second Order Systems,coefficient-matching;damping-ratio;second-order-system,4,application,numerical_tolerance,A second-order system has denominator $s^2+10s+16$. Find the damping ratio $\zeta$.,,,,,1.25,1%,"$2\zeta\omega_n=10$ with $\omega_n=4$, so $\zeta=10/8=1.25$.","Since $\zeta>1$ this system is overdamped, consistent with the real roots $-2$ and $-8$.",
Feedback and Control Systems,Time Response Analysis,Transient Analysis of Second Order Systems,damping;identification;poles;second-order-system,5,analysis,numerical_tolerance,A second-order system has poles at $-4\pm j3$. Find its damping ratio $\zeta$.,,,,,0.8,1%,"$\omega_n=\sqrt{4^2+3^2}=5$ rad/s and the real part is $-\zeta\omega_n=-4$, so $\zeta=4/5=0.8$.",$\omega_n$ is the distance of the pole from the origin and $\zeta$ is the cosine of its angle from the negative real axis.,
Feedback and Control Systems,Time Response Analysis,Transient Analysis of Second Order Systems,coefficient-matching;natural-frequency;second-order-system,6,application,numerical_tolerance,"For a denominator $s^2+6s+25$, find the undamped natural frequency $\omega_n$ in rad/s.",,,,,5,0.025,,,
Feedback and Control Systems,Time Response Analysis,Transient Analysis of Second Order Systems,coefficient-matching;damping-ratio;second-order-system,8,application,numerical_tolerance,"For a denominator $s^2+6s+25$, find the damping ratio $\zeta$.",,,,,0.6,1%,,,
Feedback and Control Systems,Time Response Analysis,Transient Analysis of Second Order Systems,damping;poles;response;second-order-system,10,analysis,multiple_choice_single,"A system has poles at $-3\pm j4$. Which pair $(\omega_n,\zeta)$ is correct?","$(4,0.75)$","$(5,0.6)$","$(3,0.8)$","$(7,3/7)$",B,,,,
Feedback and Control Systems,Time Response Analysis,Transient Parameters of Second Order Underdamped Systems,peak-time;second-order-system;terminology,1,recall,text_short,What name is given to the time at which an underdamped step response first reaches its maximum value?,,,,,peak time|the peak time|time to peak|peak-time|Tp,,"The peak time is $T_p=\pi/\omega_d$, where $\omega_d=\omega_n\sqrt{1-\zeta^2}$ is the damped natural frequency.","It depends only on the damped frequency, not on the input amplitude.",
Feedback and Control Systems,Time Response Analysis,Transient Parameters of Second Order Underdamped Systems,damped-frequency;peak-time;second-order-system,2,recall,multiple_choice_single,"For an underdamped second-order system, which expression gives the peak time?",$T_p=4/(\zeta\omega_n)$,$T_p=1/\omega_n$,$T_p=2\pi/\omega_n$,$T_p=\pi/\omega_d$,D,,,,
Feedback and Control Systems,Time Response Analysis,Transient Parameters of Second Order Underdamped Systems,second-order-system;settling-time;two-percent,2,application,numerical_tolerance,"An underdamped system has $\zeta=0.5$ and $\omega_n=10$ rad/s. Using the 2% criterion, estimate the settling time in seconds.",,,,,0.8,0.01,$T_s\approx4/(\zeta\omega_n)=4/5=0.8$ s.,"Only the real part $\zeta\omega_n$ matters, since it sets the envelope decay rate.",
Feedback and Control Systems,Time Response Analysis,Transient Parameters of Second Order Underdamped Systems,damped-frequency;peak-time;second-order-system,3,application,numerical_tolerance,An underdamped system has $\zeta=0.6$ and $\omega_n=10$ rad/s. Find the peak time in seconds.,,,,,0.392699082,0.01,"$\omega_d=10\sqrt{1-0.36}=8$ rad/s, so $T_p=\pi/8\approx0.3927$ s.",Using $\omega_n$ instead of $\omega_d$ would wrongly give $0.3142$ s.,
Feedback and Control Systems,Time Response Analysis,Transient Parameters of Second Order Underdamped Systems,second-order-system;settling-time;two-percent,4,application,numerical_tolerance,"A system has $\zeta=0.5$ and $\omega_n=8$ rad/s. Using the 2% criterion, estimate the settling time in seconds.",,,,,1,0.01,,,
Feedback and Control Systems,Time Response Analysis,Transient Parameters of Second Order Underdamped Systems,percent-overshoot;second-order-system,4,application,numerical_tolerance,"For an underdamped second-order system with $\zeta=0.4$, calculate the percent overshoot of the unit-step response.",,,,,25.382672198,1%,$\%OS=100e^{-\pi\zeta/\sqrt{1-\zeta^2}}=100e^{-1.2566/0.9165}=100e^{-1.3710}\approx25.38\%$.,Overshoot depends on $\zeta$ alone; $\omega_n$ changes the timing but not the peak height.,
Feedback and Control Systems,Time Response Analysis,Transient Parameters of Second Order Underdamped Systems,design;overshoot-specification;second-order-system;settling-time,5,analysis,numerical_tolerance,A standard second-order system must have 20% overshoot and a 2% settling time of 2 s. Find the required $\omega_n$ in rad/s.,,,,,4.386447703,1%,From $\zeta=\ln(1/0.2)/\sqrt{\pi^2+\ln^2(1/0.2)}=1.6094/3.5299=0.4560$. Then $T_s=4/(\zeta\omega_n)=2$ gives $\omega_n=4/(0.4560\times2)\approx4.386$ rad/s.,Overshoot fixes $\zeta$ first; the settling-time specification then fixes $\omega_n$.,
Feedback and Control Systems,Time Response Analysis,Transient Parameters of Second Order Underdamped Systems,damped-frequency;peak-time;second-order-system,6,application,numerical_tolerance,A system has $\zeta=0.6$ and $\omega_n=5$ rad/s. Find the peak time in seconds.,,,,,0.785398163,0.01,,,
Feedback and Control Systems,Time Response Analysis,Transient Parameters of Second Order Underdamped Systems,percent-overshoot;second-order-system,8,application,numerical_tolerance,"For $\zeta=0.5$, calculate the percent overshoot of a standard second-order unit-step response.",,,,,16.303,1%,,,
Feedback and Control Systems,Time Response Analysis,Transient Parameters of Second Order Underdamped Systems,damping-ratio;overshoot-specification;second-order-system,10,analysis,numerical_tolerance,A standard second-order unit-step response has 10% overshoot. Estimate the damping ratio.,,,,,0.591155,1%,,,
Feedback and Control Systems,Stability Analysis,Concept of Stability,bibo;definition;stability,1,recall,text_short,What does the acronym BIBO stand for in stability analysis?,,,,,"bounded input bounded output|bounded-input bounded-output|bounded input, bounded output|bounded input-bounded output",,BIBO stability requires that every bounded input produce a bounded output.,For LTI systems this is equivalent to the impulse response being absolutely integrable.,
Feedback and Control Systems,Stability Analysis,Concept of Stability,bibo-definition;stability,2,recall,multiple_choice_single,What does BIBO stability mean?,Every bounded input produces a bounded output,Every input produces zero output,The output always equals the input,All system parameters are constant,A,,,,
Feedback and Control Systems,Stability Analysis,Concept of Stability,marginal-stability;stability;sustained-oscillation,2,comprehension,text_short,"A system whose zero-input response neither decays nor grows, but oscillates with constant amplitude, is described by which stability classification?",,,,,marginally stable|marginal stability|marginally-stable|critically stable|limitedly stable,,Constant-amplitude oscillation corresponds to simple poles on the imaginary axis: marginal stability.,"Marginally stable systems are not BIBO stable, since a sinusoid at the pole frequency gives unbounded output.",
Feedback and Control Systems,Stability Analysis,Concept of Stability,absolute-integrability;impulse-response;stability,3,application,numerical_tolerance,"A system has impulse response $h(t)=e^{-2t}u(t)$. Compute $\int_0^\infty |h(t)|\,dt$.",,,,,0.5,1%,$\int_0^\infty e^{-2t}dt=[-e^{-2t}/2]_0^\infty=1/2=0.5$.,"The integral is finite, so the system is BIBO stable, consistent with its pole at $s=-2$.",
Feedback and Control Systems,Stability Analysis,Concept of Stability,asymptotic-stability;stability,4,comprehension,multiple_choice_single,A system is asymptotically stable if its zero-input response does what over time?,Approaches infinity,Remains at any arbitrary constant,Approaches zero,Oscillates with increasing amplitude,C,,,,
Feedback and Control Systems,Stability Analysis,Concept of Stability,stability;unstable-modes;zero-input-response,4,analysis,numerical_tolerance,A system's zero-input response is $y(t)=2e^{-t}+5e^{2t}$. Find the number of unstable modes.,,,,,1,0,"The mode $e^{-t}$ decays, while $e^{2t}$ grows without bound: exactly one unstable mode.",A single growing mode is enough to make the whole system unstable regardless of the others.,
Feedback and Control Systems,Stability Analysis,Concept of Stability,hidden-modes;internal-stability;stability,5,evaluation,text_short,An input-output transfer function can appear stable while an internal mode grows without bound. Name the phenomenon responsible.,,,,,pole-zero cancellation|pole zero cancellation|cancellation|pole/zero cancellation|hidden modes,,"If a controller zero cancels an unstable plant pole, that pole disappears from the input-output transfer function but the internal mode remains.","This is why internal stability must be checked, not just the reduced transfer function.",
Feedback and Control Systems,Stability Analysis,Concept of Stability,marginal-stability;oscillation;stability,6,application,multiple_choice_single,A system exhibits a sustained sinusoidal zero-input response of constant amplitude. How is this behavior classified?,Asymptotically stable,Marginally stable,Exponentially unstable,Noncausal,B,,,,
Feedback and Control Systems,Stability Analysis,Concept of Stability,bounded-input;stability;unbounded-output,8,analysis,multiple_choice_single,A bounded step input produces an output whose magnitude grows without bound. What conclusion is justified?,The system is necessarily minimum phase,The system is open loop,The system has zero steady-state error,The system is BIBO unstable,D,,,,
Feedback and Control Systems,Stability Analysis,Concept of Stability,hidden-modes;internal-stability;stability,10,evaluation,multiple_choice_single,Why is checking only a simplified input-output transfer function sometimes insufficient for internal stability?,Pole-zero cancellation can hide unstable internal modes,Transfer functions never contain poles,Input-output models apply only to nonlinear systems,Stable systems cannot contain zeros,A,,,,
Feedback and Control Systems,Stability Analysis,Stability in Terms of Pole Locations,left-half-plane;pole-location;stability,1,recall,text_short,In which half of the $s$-plane must all poles of a continuous-time system lie for asymptotic stability?,,,,,left half plane|left-half plane|left half-plane|LHP|open left half plane|left|left hand plane,,"Asymptotic stability requires every pole to have a strictly negative real part, i.e. to lie in the open left-half plane.","Poles exactly on the imaginary axis give marginal stability, not asymptotic stability.",
Feedback and Control Systems,Stability Analysis,Stability in Terms of Pole Locations,left-half-plane;pole-location;stability,2,recall,multiple_choice_single,Where must all poles of a continuous-time rational system lie for asymptotic stability?,Strictly in the open right-half plane,Only at the origin,Strictly in the open left-half plane,Anywhere on the imaginary axis,C,,,,
Feedback and Control Systems,Stability Analysis,Stability in Terms of Pole Locations,counting;right-half-plane-poles;stability,2,comprehension,numerical_tolerance,"For $G(s)=10/[(s+1)(s-3)]$, find the number of right-half-plane poles.",,,,,1,0,"The poles are $s=-1$ and $s=+3$; only $s=+3$ lies in the right-half plane, so the count is 1.",The zero-free numerator is irrelevant to stability; only denominator roots matter.,
Feedback and Control Systems,Stability Analysis,Stability in Terms of Pole Locations,dominant-pole;largest-real-part;stability,3,application,numerical_tolerance,A system has characteristic polynomial $s^3+4s^2+s-6$. Find the largest real part among its poles.,,,,,1,0.001,"$s=1$ is a root, and dividing gives $(s-1)(s+2)(s+3)$. The poles are $1,-2,-3$, so the largest real part is $+1$.",A positive largest real part confirms instability; note the negative constant term already flagged it.,
Feedback and Control Systems,Stability Analysis,Stability in Terms of Pole Locations,right-half-plane-pole;stability,4,comprehension,multiple_choice_single,What does a pole at $s=+2$ imply?,A decaying mode and stability,An exponentially growing mode and instability,A constant mode only,No effect on the response,B,,,,
Feedback and Control Systems,Stability Analysis,Stability in Terms of Pole Locations,dominant-pole;settling-time-estimate;stability,4,analysis,numerical_tolerance,"A stable system has poles at $-0.5$ and $-6$. Using the dominant pole and the 2% criterion, estimate the settling time in seconds.",,,,,8,0.01,"The dominant pole is $-0.5$, so $T_s\approx4/0.5=8$ s.",The pole at $-6$ decays twelve times faster and contributes negligibly to the settling time.,
Feedback and Control Systems,Stability Analysis,Stability in Terms of Pole Locations,classification;repeated-imaginary-axis-poles;stability,5,analysis,text_short,"A system has a repeated pole pair on the imaginary axis and no right-half-plane poles. State whether it is asymptotically stable, marginally stable, or unstable.",,,,,unstable|it is unstable|not stable,,"Repeated imaginary-axis poles produce responses of the form $t\sin\omega t$, whose amplitude grows without bound, so the system is unstable.",Only simple (non-repeated) imaginary-axis poles give marginal stability.,
Feedback and Control Systems,Stability Analysis,Stability in Terms of Pole Locations,imaginary-axis-poles;marginal;stability,6,application,multiple_choice_single,"A system has simple poles at $\pm j3$ and all other poles in the open left-half plane. Assuming no cancellations, how is it classified?",Asymptotically stable,Unstable due to repeated poles,Stable only for step inputs,Marginally stable,D,,,,
Feedback and Control Systems,Stability Analysis,Stability in Terms of Pole Locations,repeated-imaginary-axis-poles;stability,8,analysis,multiple_choice_single,A system has a repeated pole at $s=j2$. What behavior is expected?,"An oscillation with an amplitude that grows polynomially, causing instability",A decaying sinusoid,A constant-amplitude sinusoid only,A monotonic response with no oscillation,A,,,,
Feedback and Control Systems,Stability Analysis,Stability in Terms of Pole Locations,dominant-poles;relative-decay;stability,10,analysis,multiple_choice_single,"Two stable systems have rightmost poles at $-1$ and $-4$, respectively. Which statement is generally correct?",The system with rightmost pole at $-1$ is more relatively stable,Both have identical transient speeds,The system with rightmost pole at $-4$ has faster modal decay,Pole locations do not affect transient behavior,C,,,,
Feedback and Control Systems,Stability Analysis,Routh-Hurwitz Criterion,coefficients;necessary-condition;routh-hurwitz,1,recall,text_short,State the necessary condition on the coefficients of a characteristic polynomial before the Routh array is even constructed.,,,,,all positive|all coefficients positive|all must be positive|positive|same sign|all the same sign|all present and positive,,All coefficients must be present and of the same sign (conventionally positive); any missing or sign-reversed coefficient already implies instability.,"The condition is necessary but not sufficient, which is why the array is still required.",
Feedback and Control Systems,Stability Analysis,Routh-Hurwitz Criterion,routh-hurwitz;second-order;stability,2,recall,multiple_choice_single,"For $s^2+a_1s+a_0$, which condition is necessary and sufficient for stability?",$a_1<0$ and $a_0>0$,$a_1>0$ and $a_0>0$,$a_1a_0=0$,$a_1>a_0$ only,B,,,,
Feedback and Control Systems,Stability Analysis,Routh-Hurwitz Criterion,right-half-plane-count;routh-hurwitz;third-order,2,application,numerical_tolerance,"Using the Routh-Hurwitz criterion, determine the number of right-half-plane roots of $s^3+6s^2+11s+6$.",,,,,0,0,"First column: $1$, $6$, $(6\cdot11-1\cdot6)/6=10$, $6$. All entries are positive, so there are no sign changes and no right-half-plane roots.","The roots are $-1,-2,-3$, confirming a stable polynomial.",
Feedback and Control Systems,Stability Analysis,Routh-Hurwitz Criterion,auxiliary-polynomial;routh-hurwitz;row-of-zeros,3,comprehension,text_short,"When an entire row of the Routh array becomes zero, what is the polynomial formed from the row immediately above it called?",,,,,auxiliary polynomial|auxiliary equation|the auxiliary polynomial|auxiliary,,The auxiliary polynomial is differentiated and its coefficients replace the zero row so the array can be completed; its roots are the symmetrically placed roots.,"A zero row signals roots symmetric about the origin, typically an imaginary-axis pair.",
Feedback and Control Systems,Stability Analysis,Routh-Hurwitz Criterion,array;routh-hurwitz;third-order,4,application,multiple_choice_single,"Using the Routh criterion, classify $s^3+2s^2+3s+4$.",One right-half-plane pole,Two right-half-plane poles,Marginally stable,Stable,D,,,,
Feedback and Control Systems,Stability Analysis,Routh-Hurwitz Criterion,gain-range;routh-hurwitz;third-order,4,analysis,numerical_tolerance,"For the characteristic polynomial $s^3+4s^2+6s+K$, find the largest value of $K$ for which the system remains stable.",,,,,24,0.001,"The $s^1$ entry is $(4\cdot6-K)/4=(24-K)/4$, which requires $K<24$; the $s^0$ entry requires $K>0$. Hence $0<K<24$ and the limit is $K=24$.",For a third-order polynomial $s^3+a_2s^2+a_1s+a_0$ the condition reduces to $a_0<a_1a_2$.,
Feedback and Control Systems,Stability Analysis,Routh-Hurwitz Criterion,auxiliary-polynomial;critical-gain;oscillation-frequency;routh-hurwitz,5,analysis,numerical_tolerance,"For $s^4+2s^3+3s^2+4s+K$, the system is stable for $0<K<K_{cr}$. At $K=K_{cr}$ the system oscillates. Find that oscillation frequency in rad/s.",,,,,1.414213562,1%,"Array: $s^2$ row is $(1,\,K)$ and the $s^1$ entry is $4-2K$, so $K_{cr}=2$. The auxiliary polynomial from the $s^2$ row is $s^2+K=s^2+2=0$, giving $s=\pm j\sqrt2$ and $\omega=1.4142$ rad/s.",The auxiliary polynomial evaluated at the critical gain locates the imaginary-axis crossing.,
Feedback and Control Systems,Stability Analysis,Routh-Hurwitz Criterion,auxiliary-polynomial;routh-hurwitz;row-of-zeros,6,analysis,multiple_choice_single,"For $s^3+2s^2+s+2$, a complete row of zeros appears in the Routh array. What does this indicate?","Symmetrically located roots, including a pair on the imaginary axis",Exactly one pole at the origin and no other poles,All roots are in the right-half plane,The polynomial order must be reduced by one without further work,A,,,,
Feedback and Control Systems,Stability Analysis,Routh-Hurwitz Criterion,right-half-plane-poles;routh-hurwitz;sign-changes,8,analysis,numerical_tolerance,"Using the Routh-Hurwitz criterion, determine the number of right-half-plane roots of $s^4+2s^3+3s^2+4s+5$.",,,,,2,0,,,
Feedback and Control Systems,Stability Analysis,Routh-Hurwitz Criterion,gain-range;parameter;routh-hurwitz,10,analysis,multiple_choice_single,"For the characteristic polynomial $s^3+3s^2+2s+K$, what range of $K$ gives stability?",$K>6$,$K<0$,$0<K<6$,$0<K<3$,C,,,,
Feedback and Control Systems,Stability Analysis,Conditional Stability,conditional-stability;definition,1,recall,text_short,What term describes a system that is stable only for a limited range of values of an adjustable parameter?,,,,,conditionally stable|conditional stability|conditionally-stable,,Such a system is conditionally stable: outside the admissible parameter range some closed-loop poles cross into the right-half plane.,An absolutely stable system remains stable for all positive values of the parameter.,
Feedback and Control Systems,Stability Analysis,Conditional Stability,conditional-stability;parameter-range,2,recall,multiple_choice_single,What is meant by conditional stability?,The system is stable for every possible parameter value,The system is stable only for a specified range of parameter values,The system is stable only when the input is zero,The system has no characteristic equation,B,,,,
Feedback and Control Systems,Stability Analysis,Conditional Stability,analysis-tool;conditional-stability,2,comprehension,text_short,Which algebraic criterion gives the admissible parameter range directly from the characteristic equation without solving for the roots?,,,,,Routh-Hurwitz criterion|Routh Hurwitz|Routh-Hurwitz|Routh criterion|Routh array|Routh's criterion|Routh,,Building the Routh array with the parameter kept symbolic and requiring all first-column entries to be positive yields the range directly.,"The root locus gives the same information graphically, but Routh-Hurwitz gives exact algebraic bounds.",
Feedback and Control Systems,Stability Analysis,Conditional Stability,conditional-stability;gain-range;third-order,3,application,numerical_tolerance,"For the characteristic polynomial $s^3+6s^2+8s+K$, find the upper limit of $K$ for stability.",,,,,48,0.001,"Stability requires $K<a_1a_2=8\times6=48$ and $K>0$, so the range is $0<K<48$.",At $K=48$ a pole pair sits on the imaginary axis and sustained oscillation begins.,
Feedback and Control Systems,Stability Analysis,Conditional Stability,conditional-stability;gain-range;second-order,4,application,multiple_choice_single,"For $s^2+(K-1)s+K$, which range of $K$ gives stability?",$0<K<1$,$K<0$,$K=1$ only,$K>1$,D,,,,
Feedback and Control Systems,Stability Analysis,Conditional Stability,conditional-stability;gain-range;unity-feedback,4,analysis,numerical_tolerance,A unity-feedback system has $G(s)=K/[s(s+2)(s+3)]$. Find the upper limit of $K$ for closed-loop stability.,,,,,30,0.001,The characteristic equation is $s(s+2)(s+3)+K=s^3+5s^2+6s+K=0$. Stability requires $K<5\times6=30$.,The open-loop poles must first be multiplied out; using $K<2\times3$ is the common shortcut error.,
Feedback and Control Systems,Stability Analysis,Conditional Stability,conditional-stability;lower-bound;two-sided-range,5,analysis,numerical_tolerance,"For the characteristic polynomial $s^3+2s^2+2s+(K+1)$, find the lower limit of $K$ for stability.",,,,,-1,0.001,The $s^1$ entry is $[2\cdot2-(K+1)]/2=(3-K)/2>0\Rightarrow K<3$; the $s^0$ entry requires $K+1>0\Rightarrow K>-1$. The range is $-1<K<3$.,"The admissible range is two-sided and includes negative $K$, since the constant term is $K+1$ rather than $K$.",
Feedback and Control Systems,Stability Analysis,Conditional Stability,conditional-stability;routh;third-order,6,application,multiple_choice_single,"For $s^3+4s^2+5s+K$, which range of $K$ gives stability?",$0<K<20$,$K>20$,$-20<K<0$,$0<K<5$,A,,,,
Feedback and Control Systems,Stability Analysis,Conditional Stability,conditional-stability;fourth-order;routh,8,analysis,multiple_choice_single,"For $s^4+5s^3+8s^2+6s+K$, which range of $K$ gives stability?",$K>8.16$,$-8.16<K<0$,$0<K<8.16$,$0<K<5$,C,,,,
Feedback and Control Systems,Stability Analysis,Conditional Stability,conditional-stability;parameter-analysis;third-order,10,analysis,multiple_choice_single,"For $s^3+2s^2+(K-1)s+K$, which condition on $K$ ensures stability?",$1<K<2$,$K>2$,$0<K<1$,$K<0$,B,,,,
Feedback and Control Systems,Stability Analysis,Relative Stability,dominant-poles;relative-stability,1,recall,text_short,"In a stable system, do the poles nearest to or farthest from the imaginary axis dominate the transient response?",,,,,nearest|closest|nearest to the imaginary axis|closest to the imaginary axis|the nearest ones|near,,"The poles with the smallest magnitude of real part decay most slowly, so their modes persist longest and dominate.",Distant poles decay quickly and are often neglected in a reduced-order approximation.,
Feedback and Control Systems,Stability Analysis,Relative Stability,dominant-poles;relative-stability,2,recall,multiple_choice_single,Which poles usually dominate the transient response of a stable system?,The poles farthest to the left,Only the zeros at the origin,Only complex poles with positive real parts,The poles closest to the imaginary axis,D,,,,
Feedback and Control Systems,Stability Analysis,Relative Stability,pole-locations;relative-stability;stability-margin,2,comprehension,numerical_tolerance,"A system has poles at $-2$ and $-7\pm j1$. Find the degree of relative stability, defined as the distance from the imaginary axis to the nearest pole.",,,,,2,0.001,"The real parts are $-2$, $-7$, and $-7$; the nearest to the imaginary axis is $-2$, so the margin is 2.",The imaginary part of the complex pair does not affect this distance.,
Feedback and Control Systems,Stability Analysis,Relative Stability,dominant-time-constant;relative-stability,3,application,numerical_tolerance,A system has poles at $-1.5$ and $-4\pm j3$. Find the time constant of the dominant mode in seconds.,,,,,0.666666667,1%,"The dominant pole is $-1.5$, so $\tau=1/1.5\approx0.6667$ s.","The complex pair has $\tau=0.25$ s, decaying nearly three times faster.",
Feedback and Control Systems,Stability Analysis,Relative Stability,relative-stability;stability-degree,4,comprehension,multiple_choice_single,The degree of relative stability is commonly associated with what quantity?,The distance of the rightmost pole from the imaginary axis,The number of zeros,The DC gain alone,The input amplitude,A,,,,
Feedback and Control Systems,Stability Analysis,Relative Stability,relative-stability;routh-shift;second-order,4,analysis,numerical_tolerance,"For the characteristic polynomial $s^2+6s+K$, find the minimum $K$ such that all poles lie strictly to the left of $\operatorname{Re}(s)=-1$.",,,,,5,0.001,"Substituting $s=z-1$: $(z-1)^2+6(z-1)+K=z^2+4z+(K-5)$. Stability in $z$ requires $K-5>0$, so $K>5$.",The shifted-axis test converts a relative-stability question into an ordinary stability question.,
Feedback and Control Systems,Stability Analysis,Relative Stability,relative-stability;routh-shift;third-order;upper-bound,5,analysis,numerical_tolerance,"For the characteristic polynomial $s^3+6s^2+11s+K$, find the upper limit of $K$ such that all poles lie strictly to the left of $\operatorname{Re}(s)=-1$.",,,,,12,0.001,With $s=z-1$: $z^3+3z^2+2z+(K-6)$. Routh requires $K-6>0$ and $[3\cdot2-(K-6)]/3>0\Rightarrow K<12$. The range is $6<K<12$.,Ordinary stability alone would allow $0<K<66$; the shifted requirement is far more restrictive.,
Feedback and Control Systems,Stability Analysis,Relative Stability,pole-test;relative-stability;vertical-line,6,application,multiple_choice_single,A stable system has poles at $-2$ and $-5\pm j3$. Are all poles to the left of the line $\operatorname{Re}(s)=-1$?,"No, one pole is to the right of the line","No, all poles are on the line",Yes,Cannot be determined from pole locations,C,,,,
Feedback and Control Systems,Stability Analysis,Relative Stability,maximum-decay-rate;relative-stability,8,analysis,numerical_tolerance,A system has poles at $-1$ and $-3\pm j4$. What is the largest positive value of $\sigma$ such that all poles satisfy $\operatorname{Re}(s)\le-\sigma$?,,,,,1,0.005,,,
Feedback and Control Systems,Stability Analysis,Relative Stability,gain-range;relative-stability;routh-shift,10,analysis,multiple_choice_single,"For $s^3+5s^2+8s+K$, what range of $K$ places all poles strictly to the left of $\operatorname{Re}(s)=-1$?",$0<K<4$,$4<K<6$,$K>6$,$-6<K<-4$,B,,,,
Feedback and Control Systems,Steady-State Error,Concept of Steady-State Error,definition;steady-state-error,1,recall,text_short,What term describes the value that the error signal approaches as $t\to\infty$?,,,,,steady state error|steady-state error|steady state error ess|ess|e_ss,,"By definition $e_{ss}=\lim_{t\to\infty}e(t)$, the residual error remaining after all transients have decayed.","It measures accuracy, in contrast to overshoot and settling time which measure transient quality.",
Feedback and Control Systems,Steady-State Error,Concept of Steady-State Error,definition;steady-state-error,2,recall,multiple_choice_single,What is the steady-state error $e_{ss}$?,$e(0^+)$,$de(t)/dt$ at $t=0$,The maximum output value,$\lim_{t\to\infty} e(t)$,D,,"The steady-state error of a control system is defined as the difference between the desired input and the actual output as time approaches infinity. Mathematically, for an error signal $e(t)$, the steady-state error is given by  

$$e_{ss} = \lim_{t\to\infty} e(t).$$

This matches choice D.

The other options are incorrect: $e(0^+)$ is the initial error, $\frac{de(t)}{dt}$ at $t=0$ is the initial rate of change of error, and the maximum output value is unrelated to steady-state error.

Thus, the correct answer is **D**. $\lim_{t\to\infty} e(t)$.",,
Feedback and Control Systems,Steady-State Error,Concept of Steady-State Error,measurement;steady-state-error;tracking,2,comprehension,numerical_tolerance,A position-control system is commanded to 10.0 cm and settles at 9.7 cm. Find the magnitude of the steady-state error in cm.,,,,,0.3,1%,$|e_{ss}|=|10.0-9.7|=0.3$ cm.,"The error is the difference between command and final output, not the output itself.",
Feedback and Control Systems,Steady-State Error,Concept of Steady-State Error,position-constant;steady-state-error;step-input,3,application,numerical_tolerance,A stable unity-feedback system has position error constant $K_p=24$. Find its steady-state error to a unit-step input.,,,,,0.04,0.001,$e_{ss}=1/(1+K_p)=1/25=0.04$.,"The $1+$ in the denominator applies only to the step/position case, not to ramp or parabolic inputs.",
Feedback and Control Systems,Steady-State Error,Concept of Steady-State Error,steady-state-error;tracking,4,comprehension,multiple_choice_single,A position-control system settles at 9.8 cm for a 10 cm command. What is the steady-state tracking error?,0.2 cm,9.8 cm,10 cm,19.8 cm,A,,"The steady-state tracking error is the difference between the commanded input and the final settled output.

Given:
- Command (desired position) = $10 \text{ cm}$
- Final settled position = $9.8 \text{ cm}$

The error is:
$$ \text{Error} = \text{Command} - \text{Output} = 10 \text{ cm} - 9.8 \text{ cm} = 0.2 \text{ cm}$$

Thus, the steady-state tracking error is $0.2$ cm, corresponding to choice **A**.",,
Feedback and Control Systems,Steady-State Error,Concept of Steady-State Error,steady-state-error;step-input;type-zero,4,analysis,numerical_tolerance,A unity-feedback system has $G(s)=50/(s+5)$. Find its steady-state error to a unit-step input.,,,,,0.090909091,0.001,"$K_p=\lim_{s\to0}G(s)=50/5=10$, so $e_{ss}=1/(1+10)=0.0909$.",Using $K_p=50$ (forgetting to divide by the pole term) would wrongly give 0.0196.,
Feedback and Control Systems,Steady-State Error,Concept of Steady-State Error,stability-prerequisite;steady-state-error,5,evaluation,text_short,Steady-state error formulas based on static error constants are meaningful only if the closed-loop system has which property?,,,,,stable|stability|it must be stable|closed-loop stability|asymptotically stable|bibo stable,,"If the closed loop is unstable the error grows without bound and no finite limit exists, so the error constants say nothing useful.",This is why stability must be confirmed before any error calculation is trusted.,
Feedback and Control Systems,Steady-State Error,Concept of Steady-State Error,steady-state-error;transient-vs-steady-state,6,analysis,multiple_choice_single,Which modification can reduce transient error without necessarily eliminating steady-state error?,Adding an ideal integrator in every case,Removing the controller,Changing damping and bandwidth while leaving low-frequency loop gain finite,Forcing the reference to zero,C,,"The problem asks for a modification that reduces **transient error** but does **not** guarantee the elimination of **steady-state error**.

- **A (Adding an ideal integrator)** increases the system type and reduces or eliminates steady-state error for certain inputs; it also affects transient response, but the primary effect is on steady-state, so it does not fit “without necessarily eliminating steady-state error.”
- **B (Removing the controller)** typically worsens both transient and steady-state performance.
- **C (Changing damping and bandwidth while leaving low-frequency loop gain finite)** directly adjusts the transient response (e.g., overshoot, settling time) without altering the steady-state error because the low-frequency gain remains finite. This is the correct description.
- **D (Forcing the reference to zero)** eliminates the input entirely, trivially removing both transient and steady-state error, but it is not a design modification for an operating system.

Thus, the only option that specifically addresses transient error reduction while leaving steady-state error unchanged is:

**C. Changing damping and bandwidth while leaving low-frequency loop gain finite**",,
Feedback and Control Systems,Steady-State Error,Concept of Steady-State Error,disturbance;steady-state-error;tracking-performance,8,analysis,multiple_choice_single,Why can a system have small command-tracking error but poor disturbance rejection?,Steady-state error is independent of feedback,Tracking and disturbance paths can have different transfer functions and sensitivities,Disturbances never enter a closed-loop system,A stable system rejects every disturbance perfectly,B,,"In a closed-loop system, both command-tracking and disturbance rejection are governed by the feedback structure, but they depend on different transfer functions.

The output is given by

$$Y(s) = \frac{G(s)}{1+G(s)H(s)} R(s) + \frac{G_d(s)}{1+G(s)H(s)} D(s)$$

where $R(s)$ is the reference command, $D(s)$ is the disturbance, $G(s)$ is the forward-path plant, $G_d(s)$ is the disturbance-to-output path, and $H(s)$ is the feedback.

The tracking error $E(s) = R(s) - Y(s)$ for a command is related to the sensitivity function $S(s) = \frac{1}{1+G(s)H(s)}$, while the output due to a disturbance depends on $S(s)$ multiplied by $G_d(s)$. Since $G(s)$ and $G_d(s)$ may be different, and because the sensitivity to parameter variations and the complementary sensitivity can be shaped independently within limits (e.g., by placing zeros), it is possible to achieve small steady-state error for command tracking while having poor rejection of disturbances that enter at different points.

Therefore, the correct choice is B: Tracking and disturbance paths can have different transfer functions and sensitivities.",,
Feedback and Control Systems,Steady-State Error,Concept of Steady-State Error,control-effort;design-tradeoff;steady-state-error,10,evaluation,multiple_choice_single,Which statement best describes a practical steady-state-error design tradeoff?,Steady-state error can only be reduced by decreasing loop gain,Zero error always requires zero control effort,Feedback has no influence on tracking accuracy,Increasing low-frequency gain can reduce error but may affect stability margins and actuator effort,D,,"The correct answer is **D**.

Steady-state error is a measure of the accuracy of a control system in tracking a reference input. Reducing this error often involves increasing the system's open-loop gain, especially at low frequencies. However, this design improvement comes with practical trade-offs: higher gain can reduce stability margins (making the system more oscillatory or even unstable) and may increase the control effort required from the actuator (potentially causing saturation).

**Why the other statements are incorrect:**

- **A:** Steady-state error is reduced by *increasing* low-frequency loop gain, not decreasing it.
- **B:** Zero steady-state error does not necessarily require zero control effort; a system can maintain a constant nonzero control signal to hold a constant output (e.g., a motor driven by a steady voltage to overcome friction).
- **C:** Feedback is essential for improving tracking accuracy; it reduces error compared to an open-loop system.

Thus, the best description of the trade-off is given by **D**.",,
Feedback and Control Systems,Steady-State Error,Final Value Theorem,final-value-theorem;statement,1,recall,text_short,"In the final value theorem, $F(s)$ must be multiplied by which quantity before the limit as $s\to0$ is taken?",,,,,s|by s|the variable s|s itself,,The theorem reads $\lim_{t\to\infty}f(t)=\lim_{s\to0}sF(s)$.,The factor $s$ cancels the pole at the origin that a constant final value implies.,
Feedback and Control Systems,Steady-State Error,Final Value Theorem,final-value-theorem;formula,2,recall,multiple_choice_single,Which expression gives the final value of $f(t)$ when the final value theorem is applicable?,$\lim_{s\to0}sF(s)$,$\lim_{s\to\infty}F(s)$,$\lim_{s\to0}F(s)/s$,$\lim_{s\to\infty}sF(s)$,A,,,,
Feedback and Control Systems,Steady-State Error,Final Value Theorem,final-value-theorem;first-order,2,application,numerical_tolerance,Use the final value theorem to find the final value of the signal whose transform is $F(s)=8/[s(s+4)]$.,,,,,2,0.001,$\lim_{s\to0}sF(s)=\lim_{s\to0}8/(s+4)=8/4=2$.,"The pole at $s=-4$ is in the left-half plane, so the theorem is valid here.",
Feedback and Control Systems,Steady-State Error,Final Value Theorem,final-value-theorem;second-order-denominator,3,application,numerical_tolerance,Use the final value theorem to find the final value of the signal whose transform is $F(s)=(4s+18)/[s(s^2+2s+6)]$.,,,,,3,0.001,$\lim_{s\to0}sF(s)=18/6=3$.,"Both poles of $s^2+2s+6$ lie in the left-half plane, so the limit exists.",
Feedback and Control Systems,Steady-State Error,Final Value Theorem,final-value-theorem;first-order,4,application,numerical_tolerance,Use the final value theorem to find the final value of $F(s)=5/[s(s+2)]$.,,,,,2.5,1%,,,
Feedback and Control Systems,Steady-State Error,Final Value Theorem,closed-loop-error;final-value-theorem;ramp,4,analysis,numerical_tolerance,"A unity-feedback system has $G(s)=40/[s(s+5)]$. Using the final value theorem, find the steady-state error to a unit-ramp input.",,,,,0.125,1%,$E(s)=R(s)/[1+G(s)]$ with $R(s)=1/s^2$. Then $e_{ss}=\lim_{s\to0}sE(s)=\lim_{s\to0}\frac{1/s}{1+40/[s(s+5)]}=\lim_{s\to0}\frac{s+5}{s(s+5)+40}=5/40=0.125$.,Equivalently $K_v=40/5=8$ and $e_{ss}=1/K_v=0.125$.,
Feedback and Control Systems,Steady-State Error,Final Value Theorem,applicability;final-value-theorem;pole-locations,5,analysis,text_short,"For the final value theorem to be valid, where must all poles of $sF(s)$ lie?",,,,,left half plane|left-half plane|left half-plane|LHP|open left half plane|in the left half plane|strictly in the left half plane,,All poles of $sF(s)$ must have negative real parts; otherwise $f(t)$ has a growing or non-decaying oscillatory component and no limit exists.,"Applying the theorem to $F(s)=1/(s^2+4)$ blindly returns 0, but the signal actually oscillates forever.",
Feedback and Control Systems,Steady-State Error,Final Value Theorem,applicability;final-value-theorem;poles,6,comprehension,multiple_choice_single,Which condition is required for the final value theorem?,All zeros of $F(s)$ must lie in the right-half plane,$F(s)$ must be a polynomial,"All poles of $sF(s)$ must lie in the open left-half plane, except possibly a simple pole at the origin already removed by multiplication by $s$",The input must be an impulse,C,,,,
Feedback and Control Systems,Steady-State Error,Final Value Theorem,final-value-theorem;invalid-use;oscillation,8,analysis,multiple_choice_single,Why can the final value theorem not be used to assign a finite final value to $F(s)=1/(s^2+1)$?,The transform has no poles,The corresponding time signal has sustained oscillation and no limit,The signal is identically zero,The denominator order is too low,B,,,,
Feedback and Control Systems,Steady-State Error,Final Value Theorem,closed-loop-error;final-value-theorem,10,analysis,numerical_tolerance,"For a unity-feedback system with $G(s)=10/[s(s+2)]$ and a unit-ramp input, use the final value theorem to find the steady-state error.",,,,,0.2,1%,,,
Feedback and Control Systems,Steady-State Error,"System Type, Standard Test Inputs, and Static Error Coefficients",definition;integrators;system-type,1,recall,text_short,Which feature of the open-loop transfer function determines the system type?,,,,,number of poles at the origin|poles at the origin|number of integrators|integrators|poles at origin|number of pure integrators,,"System type equals the number of poles of $G(s)H(s)$ located at $s=0$, i.e. the number of pure integrators in the loop.","Zeros and finite poles do not affect the type, only the values of the error constants.",
Feedback and Control Systems,Steady-State Error,"System Type, Standard Test Inputs, and Static Error Coefficients",integrators;system-type,2,recall,multiple_choice_single,How is the type of a unity-feedback system determined?,By the number of zeros,By the closed-loop DC gain only,By the input amplitude,By the number of pure integrators in the open-loop transfer function,D,,,,
Feedback and Control Systems,Steady-State Error,"System Type, Standard Test Inputs, and Static Error Coefficients",classification;counting;system-type,2,comprehension,numerical_tolerance,"For $G(s)=K(s+3)/[s^2(s+7)]$ with unity feedback, find the system type.",,,,,2,0,"The factor $s^2$ contributes two poles at the origin, so the system is Type 2.",The zero at $-3$ and pole at $-7$ are irrelevant to the type.,
Feedback and Control Systems,Steady-State Error,"System Type, Standard Test Inputs, and Static Error Coefficients",acceleration-constant;parabolic-input;static-error-coefficients,3,comprehension,text_short,Which static error coefficient governs the steady-state error to a parabolic input?,,,,,acceleration error constant|acceleration constant|Ka|K_a|acceleration error coefficient,,For a parabolic input $e_{ss}=1/K_a$ where $K_a=\lim_{s\to0}s^2G(s)H(s)$.,"Step inputs use $K_p$, ramp inputs $K_v$, and parabolic inputs $K_a$.",
Feedback and Control Systems,Steady-State Error,"System Type, Standard Test Inputs, and Static Error Coefficients",parabolic;ramp;standard-test-inputs;step,4,comprehension,multiple_choice_single,Which Laplace transform represents a unit-ramp input?,$1/s^2$,$1/s$,$2/s^3$,$s$,A,,,,
Feedback and Control Systems,Steady-State Error,"System Type, Standard Test Inputs, and Static Error Coefficients",static-error-coefficients;velocity-constant,4,application,numerical_tolerance,"For $G(s)=24/[s(s+6)]$ with unity feedback, find the velocity error constant $K_v$.",,,,,4,0.001,$K_v=\lim_{s\to0}sG(s)=\lim_{s\to0}24/(s+6)=24/6=4$.,"Multiplying by $s$ first cancels the integrator, leaving a finite limit.",
Feedback and Control Systems,Steady-State Error,"System Type, Standard Test Inputs, and Static Error Coefficients",acceleration-constant;static-error-coefficients;type-two,5,analysis,numerical_tolerance,"For $G(s)=50/[s^2(s+10)]$ with unity feedback, find the acceleration error constant $K_a$.",,,,,5,0.001,$K_a=\lim_{s\to0}s^2G(s)=\lim_{s\to0}50/(s+10)=50/10=5$.,"For this Type 2 system $K_p$ and $K_v$ are both infinite, so only $K_a$ is finite.",
Feedback and Control Systems,Steady-State Error,"System Type, Standard Test Inputs, and Static Error Coefficients",position-constant;static-error-coefficients,6,application,multiple_choice_single,"For unity feedback, which expression defines the position error constant $K_p$?",$\lim_{s\to0}sG(s)$,$\lim_{s\to0}s^2G(s)$,$\lim_{s\to0}G(s)$,$\lim_{s\to\infty}G(s)$,C,,,,
Feedback and Control Systems,Steady-State Error,"System Type, Standard Test Inputs, and Static Error Coefficients",static-error-coefficients;system-type;velocity-constant,8,application,numerical_tolerance,"For $G(s)=20/[s(s+4)]$, find the velocity error constant $K_v$.",,,,,5,0.025,,,
Feedback and Control Systems,Steady-State Error,"System Type, Standard Test Inputs, and Static Error Coefficients",classification;static-error-coefficients;system-type,10,analysis,multiple_choice_single,"For $G(s)=K(s+2)/[s^2(s+5)]$, which statement is correct?","The system is Type 1, so $K_p$ is finite","The system is Type 2, so $K_p$ and $K_v$ are infinite while $K_a$ is finite","The system is Type 0, so all error constants are finite",The system type is determined by the zero at $-2$,B,,,,
Feedback and Control Systems,Steady-State Error,"Steady-State Errors of Type 0, 1, and 2 Systems",step-error;system-type;type-one,1,recall,text_short,What is the steady-state error of a stable Type 1 unity-feedback system to a unit-step input?,,,,,0|zero|nil|none,,"For a Type 1 system $K_p=\lim_{s\to0}G(s)=\infty$, so $e_{ss}=1/(1+K_p)=0$.",One integrator is enough to eliminate constant-input error entirely.,
Feedback and Control Systems,Steady-State Error,"Steady-State Errors of Type 0, 1, and 2 Systems",step-error;system-type;type-zero,2,recall,multiple_choice_single,"For a stable Type 0 unity-feedback system with finite $K_p$, what is the unit-step steady-state error?",$1/K_v$,$1/K_a$,$0$,$1/(1+K_p)$,D,,,,
Feedback and Control Systems,Steady-State Error,"Steady-State Errors of Type 0, 1, and 2 Systems",ramp-error;system-type;type-zero,2,comprehension,text_short,What is the steady-state error of a stable Type 0 unity-feedback system to a unit-ramp input?,,,,,infinite|infinity|unbounded|it is infinite|grows without bound,,"For Type 0, $K_v=\lim_{s\to0}sG(s)=0$, so $e_{ss}=1/K_v\to\infty$.",A system with no integrator cannot track a steadily increasing command at all.,
Feedback and Control Systems,Steady-State Error,"Steady-State Errors of Type 0, 1, and 2 Systems",calculation;step-error;system-type;type-zero,3,application,numerical_tolerance,A unity-feedback system has $G(s)=15/[(s+1)(s+5)]$. Find its steady-state error to a unit-step input.,,,,,0.25,1%,"$K_p=15/(1\times5)=3$, so $e_{ss}=1/(1+3)=0.25$.",Both finite poles contribute to the denominator of $K_p$; using only one gives 1/16 or 1/4 incorrectly.,
Feedback and Control Systems,Steady-State Error,"Steady-State Errors of Type 0, 1, and 2 Systems",ramp-error;system-type;type-one,4,comprehension,multiple_choice_single,"For a stable Type 1 unity-feedback system with finite $K_v$, what is the unit-ramp steady-state error?",$1/K_v$,$1/(1+K_p)$,$1/K_a$,$0$,A,,,,
Feedback and Control Systems,Steady-State Error,"Steady-State Errors of Type 0, 1, and 2 Systems",calculation;ramp-error;system-type;type-one,4,application,numerical_tolerance,A unity-feedback system has $G(s)=36/[s(s+6)]$. Find its steady-state error to a unit-ramp input.,,,,,0.166666667,1%,"$K_v=\lim_{s\to0}sG(s)=36/6=6$, so $e_{ss}=1/6\approx0.1667$.","For a Type 1 system the ramp error is finite and nonzero, unlike the step error which is zero.",
Feedback and Control Systems,Steady-State Error,"Steady-State Errors of Type 0, 1, and 2 Systems",calculation;parabolic-error;system-type;type-two,5,analysis,numerical_tolerance,A unity-feedback system has $G(s)=100/[s^2(s+4)(s+5)]$. Find its steady-state error to the parabolic input $r(t)=t^2/2$.,,,,,0.2,1%,"$K_a=\lim_{s\to0}s^2G(s)=100/(4\times5)=5$, so $e_{ss}=1/K_a=0.2$.","The input $t^2/2$ has transform $1/s^3$, which is the definition matched by $K_a$.",
Feedback and Control Systems,Steady-State Error,"Steady-State Errors of Type 0, 1, and 2 Systems",parabolic-error;system-type;type-two,6,comprehension,multiple_choice_single,"For a stable Type 2 unity-feedback system with finite $K_a$, what is the unit-parabolic steady-state error?",$1/K_v$,$1/(1+K_p)$,$1/K_a$,$\infty$,C,,,,
Feedback and Control Systems,Steady-State Error,"Steady-State Errors of Type 0, 1, and 2 Systems",ramp-error;system-type;type-zero,8,analysis,multiple_choice_single,"For a stable Type 0 unity-feedback system, what is the steady-state error to a unit-ramp input?",$0$,$\infty$,$1/K_v$,$1/(1+K_p)$,B,,,,
Feedback and Control Systems,Steady-State Error,"Steady-State Errors of Type 0, 1, and 2 Systems",comparison;error-table;system-type,10,analysis,multiple_choice_single,"Which statement correctly compares stable Type 0, Type 1, and Type 2 unity-feedback systems?",System type affects only transient overshoot,A Type 0 system always has zero ramp error,A Type 2 system always has infinite step error,Increasing system type improves the class of polynomial inputs that can be tracked with finite or zero steady-state error,D,,,,
Feedback and Control Systems,Steady-State Error,Steady-State Error of Unity Feedback Systems,position-constant;step-error;unity-feedback,1,application,numerical_tolerance,A unity-feedback system has $G(s)=19/(s+1)$. Find its steady-state error to a unit-step input.,,,,,0.05,0.001,"$K_p=19/1=19$, so $e_{ss}=1/(1+19)=0.05$.","Larger loop DC gain gives proportionally smaller step error, but never exactly zero for Type 0.",
Feedback and Control Systems,Steady-State Error,Steady-State Error of Unity Feedback Systems,position-constant;step-error;unity-feedback,2,application,numerical_tolerance,"For a unity-feedback system with $G(s)=9/(s+1)$, find the unit-step steady-state error.",,,,,0.1,0.001,,,
Feedback and Control Systems,Steady-State Error,Steady-State Error of Unity Feedback Systems,ramp-error;unity-feedback;velocity-constant,2,application,numerical_tolerance,A unity-feedback system has $G(s)=25/[s(s+5)]$. Find its steady-state error to a unit-ramp input.,,,,,0.2,1%,"$K_v=25/5=5$, so $e_{ss}=1/5=0.2$.","The integrator makes the step error zero, but the ramp error remains at $1/K_v$.",
Feedback and Control Systems,Steady-State Error,Steady-State Error of Unity Feedback Systems,scaled-ramp;unity-feedback;velocity-constant,3,application,numerical_tolerance,A unity-feedback system has $G(s)=30/[s(s+6)]$ and input $r(t)=2t$. Find the steady-state error.,,,,,0.4,1%,$K_v=30/6=5$. For $r(t)=At$ the error is $A/K_v=2/5=0.4$.,"The error scales linearly with the ramp slope, so the standard $1/K_v$ result must be multiplied by $A$.",
Feedback and Control Systems,Steady-State Error,Steady-State Error of Unity Feedback Systems,ramp-error;unity-feedback;velocity-constant,4,application,numerical_tolerance,"For a unity-feedback system with $G(s)=12/[s(s+3)]$, find the unit-ramp steady-state error.",,,,,0.25,1%,,,
Feedback and Control Systems,Steady-State Error,Steady-State Error of Unity Feedback Systems,error-transfer-function;sensitivity;unity-feedback,4,analysis,text_short,For a unity-feedback system the error-to-reference transfer function is $1/[1+G(s)]$. What is this function commonly called?,,,,,sensitivity function|sensitivity|the sensitivity function|S(s)|error transfer function,,$S(s)=1/[1+G(s)]$ is the sensitivity function; it maps reference (and output disturbance) to error.,Making $|S|$ small at low frequency is exactly what reduces steady-state error.,
Feedback and Control Systems,Steady-State Error,Steady-State Error of Unity Feedback Systems,ramp-error;unity-feedback;zero-in-numerator,5,analysis,numerical_tolerance,A unity-feedback system has $G(s)=10(s+2)/[s(s+5)]$. Find its steady-state error to a unit-ramp input.,,,,,0.25,1%,"$K_v=\lim_{s\to0}sG(s)=10\times2/5=4$, so $e_{ss}=1/4=0.25$.","The finite zero raises $K_v$ by the factor 2, so ignoring the numerator zero would give 0.5.",
Feedback and Control Systems,Steady-State Error,Steady-State Error of Unity Feedback Systems,acceleration-constant;parabolic-error;unity-feedback,6,application,numerical_tolerance,"For a unity-feedback system with $G(s)=20/[s^2(s+4)]$, find the unit-parabolic steady-state error.",,,,,0.2,1%,,,
Feedback and Control Systems,Steady-State Error,Steady-State Error of Unity Feedback Systems,error-transfer-function;unity-feedback,8,analysis,multiple_choice_single,"For a unity negative-feedback system, which transfer function relates error to reference?",$E(s)/R(s)=1/[1+G(s)]$,$E(s)/R(s)=G(s)/[1+G(s)]$,$E(s)/R(s)=1-G(s)$,$E(s)/R(s)=1/G(s)$,A,,,,
Feedback and Control Systems,Steady-State Error,Steady-State Error of Unity Feedback Systems,scaled-ramp;steady-state-error;unity-feedback,10,analysis,numerical_tolerance,A unity-feedback Type 1 system has $K_v=8$. Find the steady-state error for the ramp input $r(t)=3t$.,,,,,0.375,1%,,,
Feedback and Control Systems,Steady-State Error,Steady-State Error of Non-Unity Feedback Systems,actuating-error;non-unity-feedback;terminology,1,recall,text_short,"In a non-unity-feedback system, what name is given to the error signal that actually appears at the summing junction?",,,,,actuating error|actuating error signal|actuating signal|the actuating error,,"The summing junction forms $e=r-b$, where $b=Hc$ is the measured feedback signal; this is the actuating error.",It differs from the tracking error $r-c$ whenever $H\ne1$.,
Feedback and Control Systems,Steady-State Error,Steady-State Error of Non-Unity Feedback Systems,error-signal;non-unity-feedback,2,recall,multiple_choice_single,"For negative feedback with forward path $G(s)$ and feedback $H(s)$, what is $E(s)/R(s)$ for the actuating error at the summing junction?",$G(s)/[1+G(s)H(s)]$,$H(s)/[1+G(s)]$,$1/[1+G(s)H(s)]$,$1-G(s)H(s)$,C,,,,
Feedback and Control Systems,Steady-State Error,Steady-State Error of Non-Unity Feedback Systems,error-determination;loop-gain;non-unity-feedback,2,comprehension,text_short,"For negative feedback with forward path $G$ and feedback path $H$, which product appears in the denominator $1+(\cdot)$ of the actuating-error transfer function?",,,,,GH|G(s)H(s)|GH(s)|loop gain|G*H|the loop gain GH,,"$E(s)/R(s)=1/[1+G(s)H(s)]$, so the loop gain $GH$ sets the error.",Using $G$ alone is the unity-feedback special case where $H=1$.,
Feedback and Control Systems,Steady-State Error,Steady-State Error of Non-Unity Feedback Systems,actuating-error;non-unity-feedback;step-input,3,application,numerical_tolerance,"A negative-feedback system has constant gains $G=9$ and $H=0.5$. For a unit-step reference, find the steady-state actuating error $e=r-b$.",,,,,0.181818182,1%,$e=1/(1+GH)=1/(1+4.5)=1/5.5\approx0.1818$.,"The loop gain is 4.5, not 9, because the sensor gain scales the feedback signal.",
Feedback and Control Systems,Steady-State Error,Steady-State Error of Non-Unity Feedback Systems,closed-loop-transfer;non-unity-feedback,4,comprehension,multiple_choice_single,"For the same system, what is $C(s)/R(s)$?",$1/[1+G(s)H(s)]$,$G(s)/[1+G(s)H(s)]$,$G(s)H(s)$,$H(s)/[1+G(s)]$,B,,,,
Feedback and Control Systems,Steady-State Error,Steady-State Error of Non-Unity Feedback Systems,non-unity-feedback;step-input;tracking-error,4,analysis,numerical_tolerance,"A negative-feedback system has constant gains $G=9$ and $H=0.5$. For a unit-step reference, find the steady-state tracking error $r-c$.",,,,,-0.636363636,1%,"$c=G/(1+GH)=9/5.5=1.6364$, so $r-c=1-1.6364=-0.6364$.",The tracking error is negative because the sensor gain $H<1$ makes the loop overshoot the command in absolute terms.,
Feedback and Control Systems,Steady-State Error,Steady-State Error of Non-Unity Feedback Systems,actuating-error;dynamic-plant;non-unity-feedback,5,analysis,numerical_tolerance,"A negative-feedback system has $G(s)=20/(s+2)$ and $H=0.5$. For a unit-step reference, find the steady-state actuating error.",,,,,0.166666667,1%,"$G(0)H=(20/2)(0.5)=5$, so $e_{ss}=1/(1+5)=1/6\approx0.1667$.","Only the DC value of the loop gain matters at steady state, so $G(0)H$ is evaluated first.",
Feedback and Control Systems,Steady-State Error,Steady-State Error of Non-Unity Feedback Systems,actuating-error;non-unity-feedback;step-input,6,application,numerical_tolerance,"A negative-feedback system has constant gains $G=4$ and $H=0.5$. For a unit-step reference, find the steady-state actuating error $e=r-b$.",,,,,0.333333333,1%,,,
Feedback and Control Systems,Steady-State Error,Steady-State Error of Non-Unity Feedback Systems,non-unity-feedback;step-input;tracking-error,8,analysis,numerical_tolerance,"A negative-feedback system has constant gains $G=4$ and $H=0.5$. For a unit-step reference, find the steady-state tracking error $r-c$.",,,,,-0.333333333,1%,,,
Feedback and Control Systems,Steady-State Error,Steady-State Error of Non-Unity Feedback Systems,non-unity-feedback;sensor-calibration;tracking-error,10,evaluation,multiple_choice_single,Why must actuating error and tracking error be distinguished in a non-unity-feedback system?,They are always numerically identical for every $H(s)$,Tracking error is defined only for open-loop systems,Actuating error cannot be measured,"The summing-junction error compares the reference with the measured feedback signal, not necessarily with the output itself",D,,,,
Feedback and Control Systems,Steady-State Error,Design for Steady-State Error Specifications,gain-selection;steady-state-error-design;step,1,application,numerical_tolerance,A unity-feedback system has $G(s)=K/(s+4)$. Find the minimum $K$ for which the unit-step steady-state error is no greater than $0.05$.,,,,,76,0.001,"$K_p=K/4$ and $e_{ss}=1/(1+K/4)\le0.05$ requires $1+K/4\ge20$, so $K\ge76$.","Dropping the $1+$ term gives $K=80$, which meets the specification but is not the minimum required.",
Feedback and Control Systems,Steady-State Error,Design for Steady-State Error Specifications,gain-selection;steady-state-error-design;step,2,application,numerical_tolerance,A Type 0 unity-feedback system has $G(s)=K/(s+2)$. Find the minimum $K$ required for unit-step steady-state error no greater than 0.10.,,,,,18,0.09,,,
Feedback and Control Systems,Steady-State Error,Design for Steady-State Error Specifications,gain-selection;ramp;steady-state-error-design,2,application,numerical_tolerance,A unity-feedback system has $G(s)=K/[s(s+8)]$. Find the value of $K$ that gives a unit-ramp steady-state error of exactly $0.02$.,,,,,400,0.001,"$K_v=K/8$ and $e_{ss}=1/K_v=0.02$ requires $K_v=50$, so $K=400$.","For a Type 1 system the ramp specification fixes $K_v$, which then fixes $K$ through the finite pole.",
Feedback and Control Systems,Steady-State Error,Design for Steady-State Error Specifications,integral-action;steady-state-error-design;system-type,3,comprehension,text_short,Which controller action raises the system type by one and thereby removes constant steady-state error?,,,,,integral|integral action|integrator|integral control|adding an integrator|I action,,"An integral term contributes a pole at $s=0$, increasing the type by one and driving the corresponding error constant to infinity.",Derivative action changes the transient but leaves the system type unchanged.,
Feedback and Control Systems,Steady-State Error,Design for Steady-State Error Specifications,gain-selection;ramp;steady-state-error-design,4,application,numerical_tolerance,A Type 1 unity-feedback system has $G(s)=K/[s(s+5)]$. Find $K$ required for unit-ramp steady-state error of 0.05.,,,,,100,0.5,,,
Feedback and Control Systems,Steady-State Error,Design for Steady-State Error Specifications,gain;scaled-ramp;steady-state-error-design,4,analysis,numerical_tolerance,A unity-feedback system has $G(s)=K/[s(s+10)]$. Find the minimum $K$ so that the steady-state error to $r(t)=5t$ is at most $0.25$.,,,,,200,0.001,$K_v=K/10$ and $e_{ss}=5/K_v=50/K\le0.25$ requires $K\ge200$.,"The ramp slope 5 multiplies the error, so the required gain is five times the unit-ramp value.",
Feedback and Control Systems,Steady-State Error,Design for Steady-State Error Specifications,compensator-zero;steady-state-error-design;velocity-constant,5,analysis,numerical_tolerance,A unity-feedback system has $G(s)=K(s+3)/[s(s+2)(s+6)]$. Find the value of $K$ that gives a unit-ramp steady-state error of $0.1$.,,,,,40,0.001,$K_v=\lim_{s\to0}sG(s)=3K/(2\times6)=K/4$. Requiring $1/K_v=0.1$ gives $K_v=10$ and $K=40$.,"The finite zero contributes a factor 3 to $K_v$, which reduces the gain needed by a factor of 3.",
Feedback and Control Systems,Steady-State Error,Design for Steady-State Error Specifications,integral-action;steady-state-error-design;system-type,6,comprehension,multiple_choice_single,Which controller action is most directly used to increase system type and eliminate constant steady-state error?,Integral action,Derivative action,Pure phase lead only,A static sensor attenuation only,A,,,,
Feedback and Control Systems,Steady-State Error,Design for Steady-State Error Specifications,gain;scaled-ramp;steady-state-error-design,8,analysis,numerical_tolerance,A unity-feedback system has $G(s)=K/[s(s+4)]$. Determine $K$ so that the steady-state error to $r(t)=2t$ is at most 0.1.,,,,,80,0.4,,,
Feedback and Control Systems,Steady-State Error,Design for Steady-State Error Specifications,steady-state-error-design;tradeoffs;verification,10,evaluation,multiple_choice_single,"After increasing controller gain to meet a steady-state-error requirement, what should be checked next?",Only the numerical value of the reference input,Whether the system type has decreased automatically,"Closed-loop stability, transient response, noise sensitivity, and actuator limits",Whether all plant poles have become zeros,C,,,,
Feedback and Control Systems,Root Locus,Concept of the Root Locus,closed-loop-poles;definition;root-locus,1,recall,text_short,The root locus traces the movement of which set of system quantities as a gain parameter is varied?,,,,,closed loop poles|closed-loop poles|poles of the closed loop system|closed loop pole locations|closed-loop pole locations,,"Each point of the locus is a root of $1+KG(s)H(s)=0$, i.e. a closed-loop pole for that value of $K$.",The open-loop poles and zeros are fixed; they merely define where the locus begins and ends.,
Feedback and Control Systems,Root Locus,Concept of the Root Locus,closed-loop-poles;definition;root-locus,2,recall,multiple_choice_single,What does a root locus show?,The locations of open-loop zeros as frequency varies,The locations of closed-loop poles as a gain parameter varies,The time response for one fixed gain only,The Fourier series of the input,B,,"The root locus is a graphical technique used in control system analysis. It plots the paths that the **closed-loop poles** of a system follow as a specific parameter (typically the gain $K$) is varied from zero to infinity.

By examining the root locus, an engineer can see how changing the gain affects system stability and transient response, because the closed-loop poles determine these behaviors.

Thus, the correct choice is:

**B. The locations of closed-loop poles as a gain parameter varies**",,
Feedback and Control Systems,Root Locus,Concept of the Root Locus,branches;pole-count;root-locus,2,comprehension,numerical_tolerance,"For $G(s)H(s)=K(s+1)/[s(s+2)(s+5)(s+8)]$, find the number of root-locus branches.",,,,,4,0,"The number of branches equals the number of open-loop poles, which is 4.",The single finite zero terminates one branch; the other three run off to infinity.,
Feedback and Control Systems,Root Locus,Concept of the Root Locus,open-loop-poles;root-locus;starting-points,3,application,text_short,"As $K$ increases from zero, at which points do the root-locus branches begin?",,,,,open loop poles|open-loop poles|poles of GH|the open-loop poles|at the poles|poles,,"At $K=0$ the equation $1+KGH=0$ reduces to the open-loop denominator being zero, so the branches start at the open-loop poles.","As $K\to\infty$ they terminate on the open-loop zeros, including those at infinity.",
Feedback and Control Systems,Root Locus,Concept of the Root Locus,branches;open-loop-poles;root-locus,4,comprehension,multiple_choice_single,How many root-locus branches are there for an open-loop transfer function with four poles?,Three,Equal to the number of zeros only,Eight,Four,D,,"The number of root-locus branches is equal to the number of poles of the open-loop transfer function.

Given that there are **four** open-loop poles, the characteristic equation will have four roots as the gain varies from zero to infinity.

Each pole gives rise to one continuous path (branch) of the root locus.

Thus, there are **four** branches.

The correct answer is **D. Four**.",,
Feedback and Control Systems,Root Locus,Concept of the Root Locus,breakaway;critical-damping;gain;root-locus,4,analysis,numerical_tolerance,"For $G(s)H(s)=K/[s(s+4)]$ with unity feedback, find the value of $K$ at which the two closed-loop poles become equal.",,,,,4,0.001,"The characteristic equation is $s^2+4s+K=0$; equal roots require $16-4K=0$, so $K=4$ (both poles at $-2$).","This is the breakaway point, where the locus leaves the real axis and becomes complex.",
Feedback and Control Systems,Root Locus,Concept of the Root Locus,damping-ratio;design;gain-selection;root-locus,5,analysis,numerical_tolerance,"For $G(s)H(s)=K/[s(s+4)]$ with unity feedback, find the value of $K$ that gives a closed-loop damping ratio of $0.5$.",,,,,16,0.001,"Comparing $s^2+4s+K$ with $s^2+2\zeta\omega_n s+\omega_n^2$: $2\zeta\omega_n=4$ with $\zeta=0.5$ gives $\omega_n=4$, so $K=\omega_n^2=16$.","The sum of the closed-loop poles is fixed at $-4$, so raising $K$ moves them up the vertical line $\operatorname{Re}(s)=-2$.",
Feedback and Control Systems,Root Locus,Concept of the Root Locus,ending-points;root-locus;starting-points,6,application,multiple_choice_single,"As $K$ increases from zero to infinity, where do root-locus branches start and end?","They start at open-loop poles and end at open-loop zeros, including zeros at infinity",They start at closed-loop zeros and end at the origin,They start at open-loop zeros and end at open-loop poles,They start and end only on the imaginary axis,A,,"The root locus plots the paths of the closed-loop poles as the gain $K$ varies from $0$ to $\infty$.  

The characteristic equation is $1 + K G(s) H(s) = 0$, where $G(s)H(s)$ is the open-loop transfer function.  

- When $K = 0$, the characteristic equation reduces to $1 = 0$ only if the poles of $G(s)H(s)$ satisfy it; equivalently, the closed-loop poles coincide with the **open-loop poles**.  
- When $K \to \infty$, the closed-loop poles approach the **open-loop zeros**. If the number of poles exceeds the number of finite zeros, the remaining branches go to infinity, which are considered zeros at infinity.  

Thus, the root-locus branches start at open-loop poles and end at open-loop zeros, including zeros at infinity.  

**Answer:** A",,
Feedback and Control Systems,Root Locus,Concept of the Root Locus,gain;root-locus;stability,8,analysis,multiple_choice_single,How can a root locus be used to determine a stable gain range?,Choose gains for which all open-loop zeros lie at the origin,Set the gain equal to the number of branches,Identify gain values for which all closed-loop poles lie in the open left-half plane,Ignore imaginary-axis crossings,C,,"The root locus plots the trajectories of the closed-loop poles as a system gain $K$ varies from $0$ to $\infty$. Since system stability is determined by the positions of the closed-loop poles, a stable gain range corresponds to the set of $K$ values for which all closed-loop poles remain in the open left-half plane (i.e., have negative real parts).

To find this range using the root locus:
1. Sketch the root locus for the system.
2. Locate any **imaginary-axis crossings**—these are points where the locus moves from the left-half plane into the right-half plane. The gain $K$ at each crossing is a stability boundary.
3. Choose gains such that all branches of the root locus lie entirely in the left-half plane. The interval(s) of $K$ that satisfy this condition define the stable gain range.

Thus, the correct choice is **C. Identify gain values for which all closed-loop poles lie in the open left-half plane**.",,
Feedback and Control Systems,Root Locus,Concept of the Root Locus,design;dominant-poles;root-locus,10,evaluation,multiple_choice_single,Which root-locus design choice best supports specified damping ratio and settling time?,Select the largest gain regardless of pole location,Select a gain that places dominant closed-loop poles near the desired constant-damping and constant-real-part lines,Place all zeros at the origin without checking poles,Choose the gain only from DC gain requirements,B,,"The root locus shows how closed-loop poles move as gain varies. Damping ratio $\zeta$ and settling time $t_s$ are directly related to the location of the dominant closed-loop poles. Lines of constant damping ratio radiate from the origin, and lines of constant settling time correspond to constant real part ($-\sigma = -\zeta\omega_n$), since $t_s \approx 4/(\zeta\omega_n)$.

**Step 1: Identify the design objective.** The target damping ratio $\zeta$ and settling time $t_s$ define a specific region in the s‑plane where the dominant poles must lie.

**Step 2: Interpret the root-locus method.** By overlaying the constant‑$\zeta$ line and the constant‑$\sigma$ (constant real‑part) line on the root locus, we can choose the gain that places the dominant poles as close as possible to their intersection.

**Step 3: Eliminate other options.**  
- Option A (largest gain regardless of pole location) ignores damping and speed, often leading to instability or poor response.  
- Option C (all zeros at origin) is unrelated to meeting damping and settling time specifications.  
- Option D (gain from DC requirements alone) neglects dynamic performance.

**Step 4: Confirm the correct choice.** Only option B directly uses the root locus to satisfy both damping ratio and settling time constraints by positioning the dominant poles near the appropriate constant‑damping and constant‑real‑part lines.

**Answer:** B",,
Feedback and Control Systems,Root Locus,Magnitude and Angle Conditions,angle-condition;odd-multiple;root-locus,1,recall,text_short,"For $1+KG(s)H(s)=0$ with $K>0$, the angle condition requires $\angle G(s)H(s)$ to be an odd multiple of what angle, in degrees?",,,,,180|180 degrees|180 deg|+-180|pi,,"$KGH=-1$ has magnitude 1 and angle $(2q+1)180^\circ$, so $\angle GH$ must be an odd multiple of $180^\circ$.",Points failing this test cannot be closed-loop poles for any positive gain.,
Feedback and Control Systems,Root Locus,Magnitude and Angle Conditions,angle-condition;root-locus,2,recall,multiple_choice_single,"For negative feedback with characteristic equation $1+KG(s)H(s)=0$, what angle condition must a root-locus point satisfy?",$\angle G(s)H(s)=2q\cdot180^\circ$,$\angle G(s)H(s)=90^\circ$ only,$\angle G(s)H(s)=0^\circ$ only,$\angle G(s)H(s)=(2q+1)180^\circ$,D,,"For a point on the root locus of a negative feedback system, the characteristic equation is  

$$1 + KG(s)H(s) = 0 \quad \Rightarrow \quad KG(s)H(s) = -1$$

Taking the angle of both sides (with $K>0$) gives  

$$\angle G(s)H(s) = \angle(-1)$$

Since $-1 = e^{j(2q+1)180^\circ}$, the angle condition is  

$$\angle G(s)H(s) = (2q+1)180^\circ, \quad q = 0, \pm1, \pm2, \dots$$

Therefore, the correct choice is **D**.",,
Feedback and Control Systems,Root Locus,Magnitude and Angle Conditions,complex-point;magnitude-condition;root-locus,2,application,numerical_tolerance,"For $G(s)H(s)=K/[s(s+6)]$, find the gain $K$ at the root-locus point $s=-3+j3$.",,,,,18,0.01,"$K=1/|G H/K|=|s||s+6|$. Here $|-3+j3|=\sqrt{18}$ and $|3+j3|=\sqrt{18}$, so $K=18$.","The point lies on the vertical branch through the breakaway at $-3$, so the angle condition is already met.",
Feedback and Control Systems,Root Locus,Magnitude and Angle Conditions,angle-deficiency;compensator-design;root-locus,3,comprehension,text_short,What name is given to the additional phase angle a compensator must contribute so that a desired point satisfies the root-locus angle condition?,,,,,angle deficiency|angle deficiency angle|deficiency angle|angle contribution|phase deficiency|angle deficit,,The angle deficiency is $180^\circ$ minus the angle already supplied by the existing poles and zeros at the desired point.,"A positive deficiency calls for a lead network, which supplies phase advance.",
Feedback and Control Systems,Root Locus,Magnitude and Angle Conditions,magnitude-condition;root-locus,4,recall,multiple_choice_single,"At a point on the root locus, what gain satisfies the magnitude condition?",$K=1/|G(s)H(s)|$,$K=|G(s)H(s)|$,$K=\angle G(s)H(s)$,$K=1+|G(s)H(s)|$,A,,,,
Feedback and Control Systems,Root Locus,Magnitude and Angle Conditions,magnitude-condition;real-axis-point;root-locus,4,application,numerical_tolerance,"For $G(s)H(s)=K/[s(s+2)(s+4)]$, find the gain $K$ at the root-locus point $s=-1$.",,,,,3,0.001,$K=|s||s+2||s+4|=1\times1\times3=3$.,"The point $-1$ has one pole to its right, an odd count, so it does lie on the locus.",
Feedback and Control Systems,Root Locus,Magnitude and Angle Conditions,angle-deficiency;lead-design;root-locus,5,analysis,numerical_tolerance,"For $G(s)H(s)=K/[s(s+4)]$, a closed-loop pole is desired at $s=-3+j4$. Find the phase angle in degrees that a compensator must contribute at that point.",,,,,22.833654178,1%,"$\angle s=126.87^\circ$ and $\angle(s+4)=75.96^\circ$, so the poles contribute $202.83^\circ$ and $\angle GH=-202.83^\circ\equiv157.17^\circ$. Reaching the required $180^\circ$ needs a further $180-157.17=22.83^\circ$.",A positive requirement means phase lead is needed to pull the locus to the desired point.,
Feedback and Control Systems,Root Locus,Magnitude and Angle Conditions,angle-test;real-axis;root-locus,6,application,multiple_choice_single,"For $G(s)H(s)=K/[s(s+2)]$, which real-axis point lies on the root locus?",$s=+1$,$s=-3$,$s=-1$,$s=+3$,C,,,,
Feedback and Control Systems,Root Locus,Magnitude and Angle Conditions,gain-calculation;magnitude-condition;root-locus,8,application,numerical_tolerance,"For $G(s)H(s)=K/[s(s+4)]$, find the gain $K$ at the root-locus point $s=-2+j2$.",,,,,8,0.04,,,
Feedback and Control Systems,Root Locus,Magnitude and Angle Conditions,angle-deficiency;compensator-design;root-locus,10,analysis,multiple_choice_single,A desired closed-loop pole does not satisfy the root-locus angle condition. What quantity guides compensator zero and pole placement?,The DC input amplitude only,The angle deficiency at the desired point,The number of time-domain samples,The plant output units,B,,,,
Feedback and Control Systems,Root Locus,Root Locus Construction Rules,parity;real-axis-rule;root-locus,1,recall,text_short,A real-axis point lies on the root locus when the total number of real open-loop poles and zeros to its right is what parity?,,,,,odd|an odd number|odd number|odd count,,"The real-axis rule follows from the angle condition: each singularity to the right contributes $180^\circ$, so an odd count gives an odd multiple of $180^\circ$.","Complex pole pairs contribute $360^\circ$ jointly, so they never affect the real-axis test.",
Feedback and Control Systems,Root Locus,Root Locus Construction Rules,real-axis-rule;root-locus,2,recall,multiple_choice_single,A point on the real axis belongs to the root locus when the number of real open-loop poles and zeros to its right is:,Even,Zero only,Equal to the system type,Odd,D,,,,
Feedback and Control Systems,Root Locus,Root Locus Construction Rules,asymptotes;count;root-locus,2,application,numerical_tolerance,"An open-loop transfer function has poles at $0$, $-3$, $-6$, and $-10$, and one finite zero at $-2$. Find the number of asymptotes of its root locus.",,,,,3,0,The number of asymptotes is $n-m=4-1=3$.,Each asymptote guides one branch to a zero at infinity.,
Feedback and Control Systems,Root Locus,Root Locus Construction Rules,asymptotes;centroid;root-locus,3,application,numerical_tolerance,"An open-loop transfer function has poles at $0$, $-2$, and $-8$, and one finite zero at $-1$. Find the asymptote centroid.",,,,,-4.5,1%,$\sigma_a=\dfrac{\sum \text{poles}-\sum \text{zeros}}{n-m}=\dfrac{(-10)-(-1)}{3-1}=\dfrac{-9}{2}=-4.5$.,"The zero is subtracted, so omitting its sign would wrongly give $-5.5$.",
Feedback and Control Systems,Root Locus,Root Locus Construction Rules,asymptotes;count;root-locus,4,application,multiple_choice_single,An open-loop transfer function has four poles and one finite zero. How many asymptotes does its root locus have?,Three,Four,One,Five,A,,"The number of asymptotes in a root locus is given by $P - Z$, where $P$ is the number of open-loop poles and $Z$ is the number of open-loop finite zeros.

Here, there are four poles ($P = 4$) and one finite zero ($Z = 1$). Therefore, the number of asymptotes is

$$P - Z = 4 - 1 = 3.$$

Thus, the root locus has **three** asymptotes.

The correct answer is **A. Three**.",,
Feedback and Control Systems,Root Locus,Root Locus Construction Rules,asymptote-angles;root-locus;smallest-angle,4,application,numerical_tolerance,A root locus has three asymptotes. Find the smallest positive asymptote angle in degrees.,,,,,60,0.01,"$\theta_q=(2q+1)180^\circ/(n-m)$ for $q=0,1,2$ gives $60^\circ$, $180^\circ$, and $300^\circ$; the smallest positive value is $60^\circ$.","Three asymptotes are always spaced $120^\circ$ apart, with one always along the negative real axis.",
Feedback and Control Systems,Root Locus,Root Locus Construction Rules,breakaway-point;gain-derivative;root-locus,5,analysis,numerical_tolerance,"For $G(s)H(s)=K/[s(s+6)]$, find the real-axis breakaway point.",,,,,-3,0.001,"From $1+K/[s(s+6)]=0$, $K=-(s^2+6s)$. Setting $dK/ds=-(2s+6)=0$ gives $s=-3$.","The breakaway sits midway between the two poles, as it always does for two real poles and no finite zeros.",
Feedback and Control Systems,Root Locus,Root Locus Construction Rules,asymptotes;centroid;root-locus,6,application,numerical_tolerance,"An open-loop transfer function has poles at $0$, $-2$, and $-6$, and one zero at $-1$. Find the asymptote centroid.",,,,,-3.5,1%,,,
Feedback and Control Systems,Root Locus,Root Locus Construction Rules,breakaway-point;gain-equation;root-locus,8,analysis,multiple_choice_single,How are real-axis breakaway and break-in candidates commonly found?,Set every open-loop pole equal to zero,Solve only $G(s)=0$,Solve $dK/ds=0$ using the gain expression from the characteristic equation,Choose the midpoint of every pole-zero pair without testing,C,,,,
Feedback and Control Systems,Root Locus,Root Locus Construction Rules,imaginary-axis-crossing;root-locus;routh,10,analysis,multiple_choice_single,Which method is commonly used to find the gain and frequency at an imaginary-axis crossing of the root locus?,Use the final value theorem only,Apply the Routh-Hurwitz criterion to the closed-loop characteristic equation,Set all zeros equal to the gain,Count the number of Bode asymptotes,B,,,,
Feedback and Control Systems,Frequency Response Analysis,Frequency Response of LTI systems,frequency-response;jomega;substitution,1,recall,text_short,"In $G(s)$, the variable $s$ is replaced by which expression to obtain the frequency response function?",,,,,jw|jω|j omega|s=jw|s=jω|j*omega|jomega,,"Evaluating the transfer function along the imaginary axis, $s=j\omega$, gives the sinusoidal steady-state response $G(j\omega)$.",This is valid as a steady-state description only when the system is stable.,
Feedback and Control Systems,Frequency Response Analysis,Frequency Response of LTI systems,frequency-response;lti;sinusoidal-steady-state,2,recall,multiple_choice_single,"For a stable LTI system driven by a sinusoid of frequency $\omega$, what is the steady-state output frequency?",Twice the frequency,Zero frequency only,A frequency determined only by initial conditions,The same frequency $\omega$,D,,,,
Feedback and Control Systems,Frequency Response Analysis,Frequency Response of LTI systems,first-order;frequency-response;magnitude,2,application,numerical_tolerance,"For $G(s)=1/(s+2)$, find $|G(j2)|$.",,,,,0.353553391,1%,$|G(j2)|=1/|j2+2|=1/\sqrt{8}\approx0.3536$.,At $\omega$ equal to the corner frequency the magnitude drops to $1/\sqrt2$ of its DC value 0.5.,
Feedback and Control Systems,Frequency Response Analysis,Frequency Response of LTI systems,first-order;frequency-response;phase,3,application,numerical_tolerance,"For $G(s)=1/(s+2)$, find the phase of $G(j2)$ in degrees.",,,,,-45,0.1,$\angle G(j2)=-\arctan(2/2)=-45^\circ$.,A single pole contributes exactly $-45^\circ$ at its corner frequency.,
Feedback and Control Systems,Frequency Response Analysis,Frequency Response of LTI systems,frequency-response;jomega;transfer-function,4,comprehension,multiple_choice_single,How is the frequency response obtained from a continuous-time transfer function $G(s)$?,Set $s=j\omega$,Set $s=0$ for all frequencies,Replace $s$ with time $t$,Differentiate $G(s)$ with respect to gain,A,,,,
Feedback and Control Systems,Frequency Response Analysis,Frequency Response of LTI systems,frequency-response;integrator-plus-pole;magnitude,4,application,numerical_tolerance,"For $G(s)=10/[s(s+10)]$, find $|G(j10)|$.",,,,,0.070710678,1%,$|G(j10)|=10/(|j10|\cdot|j10+10|)=10/(10\sqrt{200})\approx0.0707$.,"Each factor's magnitude must be computed separately, then multiplied in the denominator.",
Feedback and Control Systems,Frequency Response Analysis,Frequency Response of LTI systems,frequency-response;output-amplitude;sinusoidal-steady-state,5,analysis,numerical_tolerance,A stable system $G(s)=4/(s+3)$ is driven by $u(t)=2\sin 4t$. Find the steady-state output amplitude.,,,,,1.6,1%,"$|G(j4)|=4/|3+j4|=4/5=0.8$, so the output amplitude is $2\times0.8=1.6$.",The input amplitude scales the response; the frequency only sets the gain factor $|G(j\omega)|$.,
Feedback and Control Systems,Frequency Response Analysis,Frequency Response of LTI systems,first-order;frequency-response;magnitude,6,application,numerical_tolerance,"For $G(s)=1/(s+1)$, find $|G(j1)|$.",,,,,0.707106781,1%,,,
Feedback and Control Systems,Frequency Response Analysis,Frequency Response of LTI systems,first-order;frequency-response;phase,8,application,numerical_tolerance,"For $G(s)=1/(s+1)$, find the phase of $G(j1)$ in degrees.",,,,,-45,0.225,,,
Feedback and Control Systems,Frequency Response Analysis,Frequency Response of LTI systems,frequency-response;high-frequency-behavior;low-pass,10,analysis,multiple_choice_single,"For a strictly proper stable transfer function, what generally happens to $|G(j\omega)|$ as $\omega\to\infty$?",It approaches infinity for every system,It always approaches one,It approaches zero,It becomes independent of pole excess,C,,,,
Feedback and Control Systems,Frequency Response Analysis,Frequency Response of Second Order Systems,phase-at-natural-frequency;second-order-frequency-response,1,recall,text_short,"For the standard second-order low-pass system, what is the magnitude of the phase shift, in degrees, at $\omega=\omega_n$?",,,,,90|90 degrees|-90|minus 90|90 deg,,"At $\omega=\omega_n$ the real part of the denominator vanishes, leaving $G=1/(j2\zeta)$, a phase of $-90^\circ$.","This holds for every $\zeta$, which makes it a convenient way to read $\omega_n$ off a phase plot.",
Feedback and Control Systems,Frequency Response Analysis,Frequency Response of Second Order Systems,natural-frequency;phase;second-order-frequency-response,2,recall,multiple_choice_single,"For the standard low-pass second-order transfer function, what is the phase at $\omega=\omega_n$?",$0^\circ$,$-90^\circ$,$-45^\circ$,$-180^\circ$,B,,,,
Feedback and Control Systems,Frequency Response Analysis,Frequency Response of Second Order Systems,damping;resonance-condition;second-order-frequency-response,2,comprehension,text_short,Below what value of the damping ratio does a resonant peak appear in the magnitude response of a standard second-order low-pass system?,,,,,0.707|1/sqrt(2)|0.7071|1/root2|0.71|0.7,,"A peak exists only if $1-2\zeta^2>0$, i.e. $\zeta<1/\sqrt2\approx0.707$.",For $\zeta\ge0.707$ the magnitude decreases monotonically from its DC value.,
Feedback and Control Systems,Frequency Response Analysis,Frequency Response of Second Order Systems,resonant-frequency;second-order-frequency-response,3,application,numerical_tolerance,"For $\omega_n=20$ rad/s and $\zeta=0.4$, find the resonant frequency $\omega_r$ in rad/s.",,,,,16.492422502,1%,$\omega_r=\omega_n\sqrt{1-2\zeta^2}=20\sqrt{1-0.32}=20(0.8246)\approx16.49$ rad/s.,"The resonant frequency is always below $\omega_n$, and the two coincide only when $\zeta=0$.",
Feedback and Control Systems,Frequency Response Analysis,Frequency Response of Second Order Systems,resonance-condition;second-order-frequency-response,4,comprehension,multiple_choice_single,A resonant peak exists for a standard second-order low-pass system when:,$\zeta>1$,$\zeta=2$,$\zeta<0$ only,$\zeta<1/\sqrt{2}$,D,,,,
Feedback and Control Systems,Frequency Response Analysis,Frequency Response of Second Order Systems,resonant-peak;second-order-frequency-response,4,application,numerical_tolerance,"For a standard second-order low-pass system with $\zeta=0.4$, find the resonant peak $M_r$.",,,,,1.363861814,1%,$M_r=1/(2\zeta\sqrt{1-\zeta^2})=1/(0.8\times0.9165)\approx1.364$.,"$M_r$ depends only on $\zeta$, so it is a direct frequency-domain indicator of overshoot.",
Feedback and Control Systems,Frequency Response Analysis,Frequency Response of Second Order Systems,bandwidth;second-order-frequency-response,5,analysis,numerical_tolerance,"For a standard second-order low-pass system with $\omega_n=10$ rad/s and $\zeta=0.5$, find the $-3$ dB bandwidth in rad/s.",,,,,12.720196495,1%,$\omega_{BW}=\omega_n\sqrt{1-2\zeta^2+\sqrt{4\zeta^4-4\zeta^2+2}}=10\sqrt{0.5+1.1180}=10(1.2720)\approx12.72$ rad/s.,"Bandwidth exceeds $\omega_n$ for lightly damped systems, so speed and overshoot move together.",
Feedback and Control Systems,Frequency Response Analysis,Frequency Response of Second Order Systems,resonant-frequency;second-order-frequency-response,6,application,numerical_tolerance,"For $\omega_n=10$ rad/s and $\zeta=0.5$, find the resonant frequency $\omega_r$ in rad/s.",,,,,7.071067812,1%,,,
Feedback and Control Systems,Frequency Response Analysis,Frequency Response of Second Order Systems,resonant-peak;second-order-frequency-response,8,application,numerical_tolerance,"For a standard second-order low-pass system with $\zeta=0.5$, find the resonant peak $M_r$.",,,,,1.154700538,1%,,,
Feedback and Control Systems,Frequency Response Analysis,Frequency Response of Second Order Systems,bandwidth;damping;second-order-frequency-response;tradeoff,10,analysis,multiple_choice_single,"For fixed natural frequency, what is the usual effect of reducing damping ratio from 0.8 to 0.3?",A larger resonant peak and more oscillatory transient response,A smaller resonant peak and no overshoot,No change in frequency response,Elimination of all phase lag,A,,,,
Feedback and Control Systems,Frequency Response Analysis,Gain and Phase Margins,crossover-frequency;phase-margin;stability-margins,1,recall,text_short,At which crossover frequency is the phase margin measured?,,,,,gain crossover|gain crossover frequency|gain-crossover frequency|the gain crossover frequency|gain crossover freq,,"Phase margin is evaluated where $|G(j\omega)H(j\omega)|=1$ (0 dB), the gain-crossover frequency.","Gain margin is read at the phase-crossover frequency, where the phase is $-180^\circ$.",
Feedback and Control Systems,Frequency Response Analysis,Gain and Phase Margins,definition;gain-margin;stability-margins,2,recall,multiple_choice_single,At which frequency is gain margin evaluated?,The gain-crossover frequency where magnitude is unity,Zero frequency only,The phase-crossover frequency where phase is $-180^\circ$,The resonant frequency only,C,,,,
Feedback and Control Systems,Frequency Response Analysis,Gain and Phase Margins,calculation;phase-margin;stability-margins,2,application,numerical_tolerance,At the gain-crossover frequency the loop phase is $-120^\circ$. Find the phase margin in degrees.,,,,,60,0.1,$PM=180^\circ+\angle GH=180^\circ-120^\circ=60^\circ$.,A positive phase margin means additional lag can be tolerated before instability.,
Feedback and Control Systems,Frequency Response Analysis,Gain and Phase Margins,interpretation;negative-phase-margin;stability-margins,3,comprehension,text_short,"For a system whose loop transfer function has no right-half-plane poles or zeros, what does a negative phase margin indicate about the closed loop?",,,,,unstable|it is unstable|instability|closed loop is unstable|not stable,,"A negative phase margin means the phase has already passed $-180^\circ$ before the gain falls to unity, so the Nyquist plot encircles $-1$ and the closed loop is unstable.","Margins are only a safe stability indicator for such minimum-phase, open-loop-stable systems.",
Feedback and Control Systems,Frequency Response Analysis,Gain and Phase Margins,definition;phase-margin;stability-margins,4,recall,multiple_choice_single,At which frequency is phase margin evaluated?,The phase-crossover frequency where phase is zero,The gain-crossover frequency where magnitude is unity,The natural frequency only,The sampling frequency,B,,,,
Feedback and Control Systems,Frequency Response Analysis,Gain and Phase Margins,gain-margin;stability-margins;third-order-loop,4,analysis,numerical_tolerance,A loop transfer function is $G(s)H(s)=6/[s(s+2)(s+4)]$. Find the gain margin as a plain ratio (not in decibels).,,,,,8,0.01,"Phase crossover: $-90^\circ-\arctan(\omega/2)-\arctan(\omega/4)=-180^\circ$ gives $\omega=\sqrt8$. There $|GH|=6/(\sqrt8\cdot\sqrt{12}\cdot\sqrt{24})=6/48=0.125$, so $GM=1/0.125=8$.",In decibels this is $20\log_{10}8\approx18.06$ dB.,
Feedback and Control Systems,Frequency Response Analysis,Gain and Phase Margins,critical-gain;stability-margins;unity-gain-margin,5,analysis,numerical_tolerance,"For the loop transfer function $G(s)H(s)=K/[s(s+2)(s+4)]$, find the value of $K$ that makes the gain margin unity.",,,,,48,0.01,"At $\omega=\sqrt8$ the loop magnitude is $K/48$; a unity gain margin requires $K/48=1$, so $K=48$.","Routh-Hurwitz on $s^3+6s^2+8s+K$ gives the same critical value, confirming marginal stability at $K=48$.",
Feedback and Control Systems,Frequency Response Analysis,Gain and Phase Margins,calculation;phase-margin;stability-margins,6,application,numerical_tolerance,"At the gain-crossover frequency, the loop phase is $-135^\circ$. Find the phase margin in degrees.",,,,,45,0.225,,,
Feedback and Control Systems,Frequency Response Analysis,Gain and Phase Margins,decibels;gain-margin;stability-margins,8,application,numerical_tolerance,"At the phase-crossover frequency, the loop magnitude is $-8$ dB. Find the gain margin in dB.",,,,,8,0.1,,,
Feedback and Control Systems,Frequency Response Analysis,Gain and Phase Margins,interpretation;robustness;stability-margins,10,evaluation,multiple_choice_single,Which statement best interprets positive gain and phase margins?,They guarantee perfect tracking for every input,They prove the plant has no right-half-plane zeros,They eliminate the need to inspect crossover frequencies,They indicate tolerance to additional loop gain and phase lag before nominal closed-loop instability,D,,,,
Feedback and Control Systems,Frequency Response Analysis,Bode Plots,bode-plot;first-order-pole;slope,1,recall,text_short,"What magnitude slope, in dB/decade, does a single real pole contribute well above its corner frequency?",,,,,-20|-20 dB/decade|minus 20|-20dB/decade|-20 db per decade,,"Above the corner frequency the factor $1/(1+s/\omega_c)$ behaves as $\omega_c/(j\omega)$, giving $-20$ dB/decade.",A zero contributes $+20$ dB/decade and a double pole $-40$ dB/decade.,
Feedback and Control Systems,Frequency Response Analysis,Bode Plots,bode-plot;log-frequency;magnitude-phase,2,recall,multiple_choice_single,What two quantities are shown in a Bode plot?,Magnitude in decibels and phase versus logarithmic frequency,Output versus time and input versus time,Pole location and zero location only,Gain margin and settling time only,A,,,,
Feedback and Control Systems,Frequency Response Analysis,Bode Plots,bode-plot;corner-frequency;terminology,2,comprehension,text_short,What name is given to the frequency at which the two straight-line asymptotes of a first-order factor intersect?,,,,,corner frequency|break frequency|breakpoint|corner|break point|cutoff frequency,,At the corner (break) frequency $\omega=\omega_c$ the low- and high-frequency asymptotes meet; the true curve lies 3 dB below it for a pole.,For the factor $1/(1+s/\omega_c)$ the corner frequency equals the pole magnitude.,
Feedback and Control Systems,Frequency Response Analysis,Bode Plots,bode-plot;decibel-conversion,3,application,numerical_tolerance,A frequency-response magnitude is $|G(j\omega)|=0.25$. Convert it to decibels.,,,,,-12.041199827,1%,$20\log_{10}(0.25)=-12.04$ dB.,"Each halving of magnitude subtracts about 6 dB, so two halvings give about $-12$ dB.",
Feedback and Control Systems,Frequency Response Analysis,Bode Plots,bode-plot;integrator;slope,4,comprehension,multiple_choice_single,What magnitude slope does a factor $1/s$ contribute?,+20 dB/decade,-40 dB/decade,-20 dB/decade,0 dB/decade,C,,,,
Feedback and Control Systems,Frequency Response Analysis,Bode Plots,bode-plot;calculation;gain-crossover-frequency,4,analysis,numerical_tolerance,"For $G(s)=100/[s(s+10)]$, find the exact gain-crossover frequency in rad/s.",,,,,7.861513778,1%,"Setting $|G|=1$: $100=\omega\sqrt{\omega^2+100}$, so $\omega^4+100\omega^2-10^4=0$ and $\omega^2=(-100+\sqrt{50000})/2=61.80$, giving $\omega\approx7.86$ rad/s.",The asymptotic estimate $\omega=10$ rad/s is noticeably high because the corner sits near crossover.,
Feedback and Control Systems,Frequency Response Analysis,Bode Plots,bode-plot;high-frequency-slope;relative-degree,5,analysis,numerical_tolerance,"For $G(s)=(s+2)/[s^2(s+5)(s+20)]$, find the ultimate high-frequency magnitude slope in dB/decade.",,,,,-60,0.01,"There are 4 poles and 1 finite zero, so the relative degree is 3 and the slope is $-20\times3=-60$ dB/decade.",Only the pole-zero excess matters; the individual corner frequencies affect where that slope is reached.,
Feedback and Control Systems,Frequency Response Analysis,Bode Plots,bode-plot;corner-frequency;first-order-pole,6,application,multiple_choice_single,"For the factor $1/(1+s/10)$, what is the corner frequency?",0.1 rad/s,10 rad/s,1 rad/s,100 rad/s,B,,,,
Feedback and Control Systems,Frequency Response Analysis,Bode Plots,bode-plot;decibel-conversion;magnitude,8,application,numerical_tolerance,A frequency-response magnitude is $|G(j\omega)|=0.5$. Convert it to decibels.,,,,,-6.020599913,1%,,,
Feedback and Control Systems,Frequency Response Analysis,Bode Plots,asymptotic-construction;bode-plot;multiple-factors,10,analysis,multiple_choice_single,A transfer function has two more poles than zeros. What is its ultimate high-frequency magnitude slope?,-20 dB/decade,+40 dB/decade,0 dB/decade,-40 dB/decade,D,,,,
Feedback and Control Systems,Controllers and Compensators,Introduction to Controllers,control-signal;controller;terminology,1,recall,text_short,What is the general name for the signal produced by the controller and applied to the plant?,,,,,control signal|control effort|manipulated variable|control action|control input|actuating signal,,The controller output that drives the plant is the control signal (control effort or manipulated variable).,"Its size matters practically, since real actuators saturate.",
Feedback and Control Systems,Controllers and Compensators,Introduction to Controllers,control-law;controller;purpose,2,recall,multiple_choice_single,What is the primary role of a controller?,Generate a control action that helps the plant meet performance objectives,Replace the reference input with noise,Remove all plant dynamics physically,Measure the output without affecting the input,A,,,,
Feedback and Control Systems,Controllers and Compensators,Introduction to Controllers,cascade-compensation;configuration;controller,2,comprehension,text_short,A controller placed in the forward path ahead of the plant provides which type of compensation?,,,,,cascade|series|cascade compensation|series compensation|cascade (series)|series (cascade),,Placing the controller in series with the plant in the forward path is cascade (series) compensation.,"The alternative is feedback compensation, where the element sits in the feedback path.",
Feedback and Control Systems,Controllers and Compensators,Introduction to Controllers,actuator-saturation;controller;integrator-windup,3,application,text_short,What phenomenon occurs when an integrating controller keeps accumulating error while its actuator is saturated?,,,,,integrator windup|integral windup|windup|reset windup|wind-up|integrator wind-up,,"With the actuator saturated the error persists, so the integrator keeps growing and must later unwind, causing large delays and overshoot.",Anti-windup schemes freeze or back-calculate the integrator while saturation lasts.,
Feedback and Control Systems,Controllers and Compensators,Introduction to Controllers,compensation;controller;series-connection,4,comprehension,multiple_choice_single,A controller placed in the forward path before the plant is commonly called what type of compensation?,Positive sensor feedback,Load compensation only,Series or cascade compensation,Open-circuit compensation,C,,,,
Feedback and Control Systems,Controllers and Compensators,Introduction to Controllers,controller;proportional-gain;steady-state-error,4,analysis,numerical_tolerance,A proportional controller with $K_p=9$ is used with the plant $G(s)=1/(s+1)$ in a unity-feedback loop. Find the steady-state error to a unit-step input.,,,,,0.1,0.001,"Loop DC gain $=9\times1=9$, so $e_{ss}=1/(1+9)=0.1$.",Proportional action reduces but never eliminates step error for a Type 0 plant.,
Feedback and Control Systems,Controllers and Compensators,Introduction to Controllers,closed-loop-speed;controller;proportional-gain,5,evaluation,numerical_tolerance,"For the same loop, with $K_p=9$ and $G(s)=1/(s+1)$, find the closed-loop time constant in seconds.",,,,,0.1,0.001,"$T(s)=9/(s+1+9)=9/(s+10)$, so the closed-loop pole is at $-10$ and $\tau=0.1$ s.","The open-loop time constant was 1 s, so proportional feedback has made the loop ten times faster.",
Feedback and Control Systems,Controllers and Compensators,Introduction to Controllers,controller;performance;tradeoffs,6,application,multiple_choice_single,Which set contains typical controller design objectives?,"Maximum gain, maximum noise, and minimum sensing","Stability, tracking accuracy, disturbance rejection, transient response, and acceptable control effort",Zero bandwidth and infinite delay,Elimination of every plant pole regardless of uncertainty,B,,,,
Feedback and Control Systems,Controllers and Compensators,Introduction to Controllers,actuator-saturation;controller;windup,8,analysis,multiple_choice_single,Why must actuator limits be considered during controller design?,Actuators always provide infinite force,Saturation improves linearity,Actuator limits affect only the reference signal units,"Requested control signals may saturate, degrading performance and possibly causing integrator windup",D,,,,
Feedback and Control Systems,Controllers and Compensators,Introduction to Controllers,controller;model-uncertainty;robustness,10,evaluation,multiple_choice_single,Which controller is preferable in practice?,One that meets specifications with adequate robustness to uncertainty and noise,One that works only for an exact model with zero margin,One with the highest possible order regardless of benefit,One that ignores actuator and sensor constraints,A,,,,
Feedback and Control Systems,Controllers and Compensators,"Proportional (P), Integral (I), and Derivative (D) Controllers",integral-controller;steady-state-error,1,recall,text_short,Which of the three basic control actions can drive a constant steady-state error to exactly zero?,,,,,integral|integral action|integrator|I|integral control,,"Integral action keeps accumulating while any error remains, so equilibrium is possible only at zero error.",Proportional action needs a nonzero error to produce any output at all.,
Feedback and Control Systems,Controllers and Compensators,"Proportional (P), Integral (I), and Derivative (D) Controllers",p-controller;transfer-function,2,recall,multiple_choice_single,What is the transfer function of an ideal proportional controller?,$G_c(s)=K_i/s$,$G_c(s)=K_ds$,$G_c(s)=K_p$,$G_c(s)=K_p+K_i/s$,C,,,,
Feedback and Control Systems,Controllers and Compensators,"Proportional (P), Integral (I), and Derivative (D) Controllers",derivative-controller;noise-sensitivity,2,comprehension,text_short,Which of the three basic control actions most strongly amplifies high-frequency measurement noise?,,,,,derivative|derivative action|D|derivative control,,"An ideal differentiator has gain $|K_d\omega|$, which grows without bound with frequency, so noise is amplified.",In practice the derivative term is filtered or replaced by a lead network with finite high-frequency gain.,
Feedback and Control Systems,Controllers and Compensators,"Proportional (P), Integral (I), and Derivative (D) Controllers",control-signal;derivative-controller;ramp-error,3,application,numerical_tolerance,A pure derivative controller with $K_d=2$ acts on the error signal $e(t)=3t$. Find its output at $t=5$ s.,,,,,6,0.001,"$u=K_d\,de/dt=2\times3=6$, constant for all $t$, so $u(5)=6$.","For a ramp error the derivative output is constant, which is why it acts as an early-warning term.",
Feedback and Control Systems,Controllers and Compensators,"Proportional (P), Integral (I), and Derivative (D) Controllers",integral-controller;steady-state-error,4,comprehension,multiple_choice_single,What is the principal steady-state benefit of integral action?,It reduces system type,It increases low-frequency gain and can eliminate constant error,It removes all phase lag,It makes the controller insensitive to saturation,B,,,,
Feedback and Control Systems,Controllers and Compensators,"Proportional (P), Integral (I), and Derivative (D) Controllers",accumulation;control-signal;integral-controller,4,application,numerical_tolerance,"A pure integral controller with $K_i=2$ acts on the constant error $e(t)=4$ from $t=0$, with zero initial integrator state. Find its output at $t=3$ s.",,,,,24,0.001,"$u(t)=K_i\int_0^t e\,d\tau=2\times4\times3=24$.","The output ramps up steadily while error persists, which is the mechanism that eliminates offset.",
Feedback and Control Systems,Controllers and Compensators,"Proportional (P), Integral (I), and Derivative (D) Controllers",combined-action;control-signal;pid-components,5,analysis,numerical_tolerance,"An ideal PID controller has $K_p=2$, $K_i=3$, and $K_d=1$, with zero initial integrator state and error $e(t)=t^2$. Find the control signal at $t=2$ s.",,,,,20,0.01,$P=2(4)=8$; $I=3\int_0^2 t^2dt=3(8/3)=8$; $D=1(2t)|_{t=2}=4$. Total $=20$.,Each term must be evaluated with its own operation on $e(t)$ before summing.,
Feedback and Control Systems,Controllers and Compensators,"Proportional (P), Integral (I), and Derivative (D) Controllers",anticipatory-action;derivative-controller;noise,6,comprehension,multiple_choice_single,Which statement about ideal derivative action is correct?,It accumulates error over time,It guarantees zero step error by itself,It contributes infinite DC gain,It responds to the rate of error and is sensitive to high-frequency noise,D,,,,
Feedback and Control Systems,Controllers and Compensators,"Proportional (P), Integral (I), and Derivative (D) Controllers",control-signal;pid-components;time-domain,8,application,numerical_tolerance,"For $e(t)=2t$, $K_p=3$, $K_i=1$, and $K_d=0.5$, with zero integrator initial state, find the ideal PID control signal at $t=1$ s.",,,,,8,0.04,,,
Feedback and Control Systems,Controllers and Compensators,"Proportional (P), Integral (I), and Derivative (D) Controllers",comparative-effects;p-i-d-actions,10,analysis,multiple_choice_single,Which combination of statements is most accurate?,"P acts on present error, I accumulates past error, and D reacts to the error trend","P acts on future error, I differentiates error, and D integrates error",All three actions have identical frequency response,Only derivative action affects transient response,A,,,,
Feedback and Control Systems,Controllers and Compensators,"PI, PD, and PID Controllers",pi-controller;pole-location;system-type,1,recall,text_short,A PI controller $K_p+K_i/s$ adds a pole at which point in the $s$-plane?,,,,,origin|the origin|s=0|0|at the origin|s = 0,,"The $K_i/s$ term contributes a pole at $s=0$, raising the system type by one.",It also contributes a finite zero at $s=-K_i/K_p$.,
Feedback and Control Systems,Controllers and Compensators,"PI, PD, and PID Controllers",pi-controller;transfer-function;zero,2,recall,multiple_choice_single,Which expression represents a PI controller?,$K_p+K_ds$,$K_i/s+K_ds$,$K_p+K_i/s$,$K_pK_is$,C,,,,
Feedback and Control Systems,Controllers and Compensators,"PI, PD, and PID Controllers",damping;pd-controller;transient-response,2,comprehension,text_short,Does the zero added by a PD controller $K_p+K_ds$ tend to increase or decrease the closed-loop damping?,,,,,increase|increases|increase it|increased|raises it|it increases damping,,"The added zero pulls the root locus leftward, moving the closed-loop poles away from the imaginary axis and increasing damping.",This is why PD action reduces overshoot and speeds the transient without changing the system type.,
Feedback and Control Systems,Controllers and Compensators,"PI, PD, and PID Controllers",pi-controller;zero-location,3,application,numerical_tolerance,A PI controller is $G_c(s)=5+20/s$. Find the location of its finite zero.,,,,,-4,0.001,"$G_c(s)=(5s+20)/s=5(s+4)/s$, so the zero is at $s=-4$.",The zero sits at $-K_i/K_p$; placing it near the origin keeps the transient effect small.,
Feedback and Control Systems,Controllers and Compensators,"PI, PD, and PID Controllers",pd-controller;transient-response,4,comprehension,multiple_choice_single,What is a common benefit of PD control?,Automatic elimination of all steady-state errors,Improved damping and faster transient response without adding an integrator,Infinite low-frequency gain,Complete rejection of measurement noise,B,,,,
Feedback and Control Systems,Controllers and Compensators,"PI, PD, and PID Controllers",factoring;pid-controller;zeros,4,analysis,numerical_tolerance,"An ideal PID controller has $K_p=6$, $K_i=5$, and $K_d=1$. Of its two finite zeros, find the one closer to the origin.",,,,,-1,0.001,"$G_c(s)=(K_ds^2+K_ps+K_i)/s=(s^2+6s+5)/s=(s+1)(s+5)/s$, so the zeros are $-1$ and $-5$; the nearer is $-1$.","The PID numerator is quadratic in $s$, so it always contributes two zeros plus the pole at the origin.",
Feedback and Control Systems,Controllers and Compensators,"PI, PD, and PID Controllers",damping-specification;design;pd-controller,5,analysis,numerical_tolerance,A PD controller $K_p+K_ds$ is used with the plant $G(s)=1/[s(s+2)]$ in a unity-feedback loop. Find the value of $K_d$ that yields $\zeta=0.6$ and $\omega_n=10$ rad/s.,,,,,10,0.001,"The characteristic equation is $s^2+(2+K_d)s+K_p=0$. Matching $2\zeta\omega_n=12$ gives $2+K_d=12$, so $K_d=10$ (and $K_p=\omega_n^2=100$).",The derivative gain adds directly to the existing damping coefficient of 2.,
Feedback and Control Systems,Controllers and Compensators,"PI, PD, and PID Controllers",pi-controller;zero-location,6,application,numerical_tolerance,A PI controller is $G_c(s)=4+8/s$. Find the location of its finite zero.,,,,,-2,0.01,,,
Feedback and Control Systems,Controllers and Compensators,"PI, PD, and PID Controllers",parallel-form;pid-controller,8,application,multiple_choice_single,Which expression is the ideal parallel-form PID controller?,$K_pK_iK_ds$,$(K_p+K_i)/(s+K_d)$,$K_p/(s^2+K_is+K_d)$,$K_p+K_i/s+K_ds$,D,,,,
Feedback and Control Systems,Controllers and Compensators,"PI, PD, and PID Controllers",anti-windup;pid-controller;tradeoffs;tuning,10,evaluation,multiple_choice_single,Which practice is most appropriate when implementing a PID controller on a real actuator?,Filter derivative action and include anti-windup when saturation is possible,Use an unfiltered ideal differentiator at unlimited gain,Ignore sampling and actuator limits,Remove the proportional term in every application,A,,,,
Feedback and Control Systems,Controllers and Compensators,Lead Compensation,lead-compensator;pole-zero-order,1,recall,text_short,"In a lead compensator $K(s+z)/(s+p)$ with $z,p>0$, is the zero closer to the origin than the pole, or farther?",,,,,closer|closer to the origin|nearer|the zero is closer|zero is closer,,"A lead network requires $z<p$, so the zero lies closer to the origin than the pole.","The reversed arrangement, $z>p$, gives a lag network instead.",
Feedback and Control Systems,Controllers and Compensators,Lead Compensation,lead-compensator;pole-zero-order,2,recall,multiple_choice_single,"For a standard lead compensator $G_c(s)=K(s+z)/(s+p)$ with positive $z$ and $p$, which relation holds?",$p=z$,$p<z$,$p>z$,$p=0$ always,C,,,,
Feedback and Control Systems,Controllers and Compensators,Lead Compensation,bandwidth;lead-compensator;transient-response,2,comprehension,text_short,Does lead compensation increase or decrease the closed-loop bandwidth?,,,,,increase|increases|increase it|increased|raises it|it increases,,"The added phase advance raises the gain-crossover frequency, which increases bandwidth and speeds the response.",The cost is greater sensitivity to high-frequency noise.,
Feedback and Control Systems,Controllers and Compensators,Lead Compensation,alpha;lead-compensator;maximum-phase,3,application,numerical_tolerance,A lead network is written as $(1+Ts)/(1+\alpha Ts)$ with $\alpha=0.2$. Find its maximum phase lead in degrees.,,,,,41.810314896,1%,$\phi_m=\arcsin[(1-\alpha)/(1+\alpha)]=\arcsin(0.8/1.2)=\arcsin(0.6667)\approx41.81^\circ$.,Smaller $\alpha$ gives more phase lead but also a wider pole-zero spread and more gain at high frequency.,
Feedback and Control Systems,Controllers and Compensators,Lead Compensation,bandwidth;lead-compensator;phase-margin,4,comprehension,multiple_choice_single,What is a typical purpose of lead compensation?,Increase low-frequency gain while reducing bandwidth only,Increase phase margin and bandwidth,Add pure integration,Eliminate all sensor noise,B,,,,
Feedback and Control Systems,Controllers and Compensators,Lead Compensation,geometric-mean;lead-compensator;maximum-phase-frequency,4,application,numerical_tolerance,A lead compensator has a zero at $-3$ rad/s and a pole at $-12$ rad/s. Find the frequency of maximum phase lead in rad/s.,,,,,6,0.01,$\omega_m=\sqrt{zp}=\sqrt{3\times12}=6$ rad/s.,"The maximum occurs at the geometric mean, which plots midway between the corners on a log axis.",
Feedback and Control Systems,Controllers and Compensators,Lead Compensation,alpha-from-phase;design;lead-compensator,5,analysis,numerical_tolerance,A lead network $(1+Ts)/(1+\alpha Ts)$ must supply a maximum phase lead of $40^\circ$. Find the required value of $\alpha$.,,,,,0.217442832,1%,$\sin\phi_m=(1-\alpha)/(1+\alpha)$ gives $\alpha=(1-\sin40^\circ)/(1+\sin40^\circ)=(1-0.6428)/(1.6428)\approx0.2174$.,Requirements beyond about $60^\circ$ force $\alpha$ so small that two cascaded stages are preferred.,
Feedback and Control Systems,Controllers and Compensators,Lead Compensation,alpha;lead-compensator;maximum-phase,6,application,numerical_tolerance,A lead network is written as $(1+Ts)/(1+\alpha Ts)$ with $\alpha=0.25$. Find its maximum phase lead in degrees.,,,,,36.86989765,1%,,,
Feedback and Control Systems,Controllers and Compensators,Lead Compensation,lead-compensator;maximum-phase-frequency,8,application,numerical_tolerance,"For a lead compensator with zero at $-2$ rad/s and pole at $-8$ rad/s, find the frequency of maximum phase lead in rad/s.",,,,,4,0.02,,,
Feedback and Control Systems,Controllers and Compensators,Lead Compensation,angle-deficiency;lead-compensator;root-locus,10,analysis,multiple_choice_single,"In root-locus lead design, how are the compensator pole and zero primarily selected?",To make the plant DC gain zero,To add two integrators at the origin,To force every root-locus branch onto the real axis,To supply the required positive angle at the desired closed-loop pole,D,,,,
Feedback and Control Systems,Controllers and Compensators,Lag Compensation,lag-compensator;pole-zero-order,1,recall,text_short,"In a lag compensator $K(s+z)/(s+p)$ with $z,p>0$, which singularity lies closer to the origin, the pole or the zero?",,,,,pole|the pole|pole is closer|the pole is closer,,"A lag network requires $z>p$, so the pole is the singularity nearer the origin.",Both are usually placed far below the gain-crossover frequency to limit added phase lag.,
Feedback and Control Systems,Controllers and Compensators,Lag Compensation,lag-compensator;pole-zero-order,2,recall,multiple_choice_single,"For a standard lag compensator $G_c(s)=K(s+z)/(s+p)$ with positive $z$ and $p$, which relation holds?",$z>p$,$p>z$,$p=z$,$z=0$ always,A,,,,
Feedback and Control Systems,Controllers and Compensators,Lag Compensation,lag-compensator;low-frequency-gain;steady-state,2,comprehension,text_short,Which performance property does lag compensation primarily improve by raising the low-frequency loop gain?,,,,,steady-state error|steady state error|steady-state accuracy|steady state accuracy|accuracy|steady state performance,,"Raising the DC loop gain increases the static error constants, reducing steady-state error.",It does this without the bandwidth increase that lead compensation brings.,
Feedback and Control Systems,Controllers and Compensators,Lag Compensation,beta;lag-compensator;pole-zero-ratio,3,application,numerical_tolerance,A lag compensator has a zero at $-0.8$ rad/s and a pole at $-0.1$ rad/s. Find the ratio $z/p$.,,,,,8,0.001,$z/p=0.8/0.1=8$.,This ratio is the factor by which the low-frequency gain is raised relative to the high-frequency gain.,
Feedback and Control Systems,Controllers and Compensators,Lag Compensation,lag-compensator;low-frequency-gain;steady-state-accuracy,4,comprehension,multiple_choice_single,What is a typical purpose of lag compensation?,Increase phase margin primarily by adding positive phase,Create an ideal differentiator,Improve steady-state accuracy by increasing low-frequency loop gain with modest transient change,Reduce system type to zero,C,,,,
Feedback and Control Systems,Controllers and Compensators,Lag Compensation,design;lag-compensator;velocity-constant,4,application,numerical_tolerance,A lag compensator must raise a system's velocity error constant from $K_v=5$ to $K_v=50$ without changing the high-frequency gain. Find the required ratio $z/p$.,,,,,10,0.001,"The DC gain of $(s+z)/(s+p)$ is $z/p$, so $K_v$ is multiplied by $z/p$. Hence $z/p=50/5=10$.","A larger ratio means the pole must sit closer to the origin, slowing the transient further.",
Feedback and Control Systems,Controllers and Compensators,Lag Compensation,lag-compensator;maximum-phase-lag,5,analysis,numerical_tolerance,A lag network is written as $(1+Ts)/(1+\beta Ts)$ with $\beta=10$. Find the magnitude of its maximum phase lag in degrees.,,,,,54.903198772,1%,$|\phi_m|=\arcsin[(\beta-1)/(\beta+1)]=\arcsin(9/11)=\arcsin(0.8182)\approx54.90^\circ$.,"That lag occurs at $\omega_m=1/(T\sqrt\beta)$, which is why the corners are placed well below crossover.",
Feedback and Control Systems,Controllers and Compensators,Lag Compensation,beta;gain-ratio;lag-compensator,6,application,numerical_tolerance,A lag compensator has zero at $-1$ rad/s and pole at $-0.1$ rad/s. Find the ratio $z/p$.,,,,,10,0.05,,,
Feedback and Control Systems,Controllers and Compensators,Lag Compensation,bode;lag-compensator;phase-effect,8,analysis,multiple_choice_single,Why are a lag compensator pole and zero often placed well below the gain-crossover frequency?,To maximize high-frequency noise amplification,To increase low-frequency gain while limiting added phase lag near crossover,To make the compensator an ideal differentiator,To move every plant pole to the origin,B,,,,
Feedback and Control Systems,Controllers and Compensators,Lag Compensation,bandwidth;design-tradeoff;lag-compensator,10,evaluation,multiple_choice_single,Which tradeoff is commonly associated with lag compensation?,Improved accuracy always comes with unlimited bandwidth,Lag compensation removes all phase lag,Lag compensation cannot affect low-frequency gain,Improved steady-state accuracy may come with reduced bandwidth and slower response,D,,,,
Feedback and Control Systems,Controllers and Compensators,Lead-Lag Compensation,lead-lag-compensator;structure;zero-count,1,recall,text_short,How many finite zeros does a single-stage lead-lag compensator have?,,,,,2|two|2 zeros|two zeros,,"The compensator is the product of a lead section and a lag section, each contributing one zero and one pole.",It therefore has two finite zeros and two finite poles in total.,
Feedback and Control Systems,Controllers and Compensators,Lead-Lag Compensation,combined-purpose;lead-lag-compensator,2,recall,multiple_choice_single,Why are lead and lag networks combined?,To improve both transient/robustness characteristics and steady-state accuracy,To create only a constant gain,To eliminate the need for a plant model,To force the closed-loop output to zero,A,,,,
Feedback and Control Systems,Controllers and Compensators,Lead-Lag Compensation,lead-lag-compensator;section-roles,2,comprehension,text_short,Which section of a lead-lag compensator is designed to improve the transient response and phase margin?,,,,,lead|the lead section|lead section|the lead|lead part,,"The lead section supplies phase advance near crossover, raising phase margin and bandwidth.",The lag section is responsible for the low-frequency gain and steady-state accuracy.,
Feedback and Control Systems,Controllers and Compensators,Lead-Lag Compensation,dc-gain;lead-lag-compensator,3,application,numerical_tolerance,A lead-lag compensator is $G_c(s)=\dfrac{s+2}{s+10}\cdot\dfrac{s+0.2}{s+0.02}$. Find its DC gain.,,,,,2,0.001,$G_c(0)=(2/10)\times(0.2/0.02)=0.2\times10=2$.,The lag section's gain of 10 more than offsets the lead section's attenuation of 0.2.,
Feedback and Control Systems,Controllers and Compensators,Lead-Lag Compensation,lead-lag-compensator;roles,4,comprehension,multiple_choice_single,Which pairing correctly states the usual role of each section?,Lead adds integration; lag adds differentiation,Lead reduces bandwidth; lag always increases it,Lead improves phase margin and speed; lag improves low-frequency gain and steady-state accuracy,Both sections perform exactly the same function,C,,,,
Feedback and Control Systems,Controllers and Compensators,Lead-Lag Compensation,high-frequency-gain;lead-lag-compensator,4,analysis,numerical_tolerance,"For the same compensator $G_c(s)=\dfrac{s+2}{s+10}\cdot\dfrac{s+0.2}{s+0.02}$, find its gain as $\omega\to\infty$.",,,,,1,0.001,"At high frequency each factor tends to $s/s=1$, so $|G_c|\to1\times1=1$.",The compensator thus reshapes the mid-band without amplifying high-frequency noise.,
Feedback and Control Systems,Controllers and Compensators,Lead-Lag Compensation,lead-lag-compensator;steady-state-error;velocity-constant,5,analysis,numerical_tolerance,"A Type 1 unity-feedback system has $K_v=2$. A lead-lag compensator whose lag section has $z/p=10$ is inserted, and the lead section has unity DC gain. Find the resulting steady-state error to a unit-ramp input.",,,,,0.05,0.001,"The lag section multiplies $K_v$ by 10, giving $K_v=20$, so $e_{ss}=1/K_v=0.05$.",The lead section is designed for unity DC gain precisely so it does not disturb this error budget.,
Feedback and Control Systems,Controllers and Compensators,Lead-Lag Compensation,design-sequence;lead-lag-compensator,6,application,multiple_choice_single,"In a common frequency-domain design sequence, which section is often designed first when transient specifications are primary?",Lag section only,Lead section,Neither section; set both gains to zero,Sensor section,B,,,,
Feedback and Control Systems,Controllers and Compensators,Lead-Lag Compensation,frequency-separation;interaction;lead-lag-compensator,8,analysis,multiple_choice_single,Why are lead and lag corner frequencies often separated?,To make their transfer functions cancel identically,To guarantee zero control effort,To place all controller poles in the right-half plane,To reduce undesirable interaction between their phase and magnitude effects,D,,,,
Feedback and Control Systems,Controllers and Compensators,Lead-Lag Compensation,lead-lag-compensator;robust-design;verification,10,evaluation,multiple_choice_single,"After designing a lead-lag compensator, which verification is most complete?","Check closed-loop poles, time response, steady-state error, stability margins, noise sensitivity, and actuator effort",Check only the compensator DC gain,Check only whether the lead zero is negative,Check only the open-loop pole count,A,,,,
